Q22_1,Q22_2,Q22_3,Q22_4,Q22_5,Q22_6,Q22_7,Q22_8,Q22_9,Q22_10,Q22_11,Q22_12,Q22_13,Q22_14,Q22_15,Q22_16,Q22_17,Q22_18,Q22_19,Q22_20,Q22_21,Q24_1,Q24_2,Q24_3,Q24_4,Q24_5,Q24_6,Q24_7,Q24_8,Q24_9,Q24_10,Q24_11,Q24_12,Q24_13,Q24_14,Q24_15,Q24_16,Q24_17,Q24_18,Q24_19,Q24_20,Q24_21,Q25_1,Q25_2,Q25_3,Q25_4,Q25_5,Q25_6,Q25_7,Q25_8,Q25_9,Q25_10,Q25_11,Q25_12,Q25_13,Q25_14,Q25_15,Q25_16,Q25_17,Q25_18,Q25_19,Q25_20,Q25_21,Q26_1,Q26_2,Q26_3,Q26_4,Q26_5,Q26_6,Q26_7,Q26_8,Q26_9,Q26_10,Q26_11,Q26_12,Q26_13,Q26_14,Q26_15,Q26_16,Q26_17,Q26_18,Q26_19,Q26_20,Q26_21,ResponseId,condition,T1_1week,T2_1month,T3_6months,T4_1year,T5_3years,T6_5years,T7_10years,AUC
D,D,D,D,D,D,D,D,D,D,D,D,D,D,D,D,D,D,D,D,D,D,D,D,D,D,D,D,D,D,D,D,D,D,D,D,D,D,D,D,D,D,D,D,D,D,D,D,D,D,D,D,D,D,D,D,I,D,D,D,D,D,D,I,D,D,I,D,I,D,I,D,D,I,D,I,D,D,D,D,I,I,D,I,R_3gUb0zD840UtlAn,iva,98,98,98,98,85,85,75,0.851019
I,I,I,D,I,D,I,D,D,D,I,I,I,I,I,I,D,I,D,I,I,D,I,D,I,I,I,I,I,D,I,I,I,I,D,I,D,I,I,I,I,D,I,D,I,I,I,I,D,I,I,D,I,D,I,I,I,D,I,I,I,I,I,I,D,I,I,I,I,D,I,D,I,I,I,I,I,I,I,D,I,I,I,I,R_3EPWQo5hqoHY5Th,iva,98,75,2.5,2.5,2.5,2.5,2.5,0.04703925
D,D,D,D,D,D,D,D,D,D,D,D,D,D,D,D,D,D,D,D,D,D,D,D,I,I,D,I,I,D,D,I,D,I,D,I,D,D,I,I,I,D,I,D,D,I,D,I,D,I,I,D,I,D,I,I,I,D,I,I,I,I,D,I,D,I,I,I,I,D,I,D,I,I,I,I,D,D,I,D,I,I,I,I,R_3Eb63B21TD8gqsX,iva,98,98,45,65,25,25,25,0.3303095
I,D,I,D,D,D,D,D,D,D,D,I,D,I,D,I,D,D,D,D,D,D,D,D,I,I,D,I,I,D,I,I,I,I,D,I,D,D,I,I,I,D,I,D,I,I,D,I,D,I,I,D,I,D,I,D,I,D,D,I,I,I,D,I,D,I,I,D,I,D,I,D,I,I,I,I,I,I,I,D,I,I,I,I,R_3qgNAJFk1wQMkRp,iva,98,91,35,35,25,2.5,2.5,0.151511
D,D,D,D,D,D,D,D,D,D,D,D,D,D,D,D,D,D,D,D,D,D,I,D,I,I,I,I,I,I,I,I,I,I,I,I,I,I,I,I,I,I,I,D,I,I,I,I,I,I,I,I,I,D,I,I,I,I,I,I,I,I,I,I,I,I,I,I,I,I,I,I,I,I,I,I,I,I,I,I,I,I,I,I,R_1gpccVNCdL3WLII,iva,35,35,25,25,25,25,25,0.2535025
I,I,I,I,I,D,I,D,I,D,I,I,I,I,I,I,D,I,D,I,I,D,I,D,I,I,I,I,I,D,I,I,I,I,I,I,D,I,I,I,I,I,I,D,I,I,I,I,I,I,I,I,I,D,I,I,I,I,I,I,I,I,I,I,D,I,I,I,I,I,I,D,I,I,I,I,I,I,I,I,I,I,I,I,R_27r2uxAMMiiaME5,iva,75,2.5,2.5,2.5,2.5,2.5,2.5,0.0287175
D,D,D,D,D,D,D,D,D,D,D,D,D,D,D,D,D,D,D,D,D,D,D,D,D,I,D,D,I,D,D,I,D,I,D,I,D,D,I,D,I,D,I,D,D,I,D,I,D,I,I,D,D,D,I,D,I,D,D,I,I,I,D,I,D,I,I,D,I,D,I,D,I,I,I,I,D,D,I,D,I,I,I,I,R_VIl39pcCuC85qg1,iva,98,98,75,85,35,35,25,0.4241545
D,D,D,D,D,D,D,D,D,D,D,D,D,D,D,D,D,D,D,D,D,D,D,D,I,I,I,I,I,D,I,I,D,I,D,I,D,I,I,D,I,D,I,I,I,I,I,I,I,I,I,I,I,I,I,D,I,I,I,I,I,I,I,I,I,I,I,D,I,I,I,I,I,I,I,I,I,I,I,I,I,I,I,I,R_1qgktzUFXbYi82n,iva,55,55,55,25,25,25,25,0.2729275
D,D,I,D,D,D,D,D,D,D,D,I,D,I,I,I,D,D,D,D,D,D,D,D,D,I,D,I,I,D,D,I,D,I,D,I,D,I,I,D,I,D,I,D,I,I,I,I,D,I,I,D,I,D,I,I,I,D,I,I,I,I,I,I,D,I,I,I,I,D,I,D,I,I,I,I,I,I,I,D,I,I,I,I,R_25zuWT9X6O1AMHY,iva,98,75,55,45,35,7.5,2.5,0.206893
D,D,D,D,D,D,D,D,D,D,D,D,D,D,D,I,I,I,D,I,I,D,I,D,I,I,I,I,I,D,I,I,I,I,D,I,D,I,I,I,I,D,I,D,I,I,I,I,D,I,I,D,I,D,I,I,I,I,I,I,I,I,I,I,D,I,I,I,I,I,I,I,I,I,I,I,I,I,I,I,I,I,I,I,R_242upSbUdpgJ9Od,iva,75,15,15,15,15,25,15,0.1881175
D,D,D,D,D,D,D,D,D,D,D,D,D,D,I,I,D,D,D,I,D,D,D,D,I,I,I,I,I,D,I,I,D,I,D,I,D,I,I,D,I,D,I,D,I,I,D,I,D,I,I,D,D,D,I,I,I,D,I,I,I,I,D,I,D,I,I,D,I,D,I,D,I,I,D,I,D,D,D,D,I,I,I,I,R_1Cg6OKfI0DcEutF,iva,98,98,75,25,15,15,15,0.2141545
I,I,I,D,D,D,D,D,D,D,I,I,D,I,I,I,D,D,D,I,D,D,D,D,I,I,I,I,I,D,I,I,I,I,D,I,D,I,I,I,I,D,I,D,I,I,I,I,D,I,I,D,I,D,I,I,I,D,I,I,I,I,D,I,D,I,I,I,I,D,I,D,I,I,I,I,D,D,I,D,I,I,I,I,R_3LYfqhze9oSLZF3,iva,98,98,35,25,2.5,2.5,2.5,0.0956945
D,D,D,D,D,D,D,D,D,D,D,D,D,D,D,D,D,D,D,D,D,D,D,D,D,D,D,D,D,D,D,D,D,D,D,D,D,D,D,I,D,D,I,D,D,D,D,D,D,D,I,D,D,D,D,D,I,D,D,I,D,D,D,I,D,D,I,D,I,D,I,D,D,I,D,I,D,I,I,D,I,I,I,I,R_32ORfSabCQTWDHh,iva,98,94,45,94,85,75,55,0.7355975
I,I,I,D,I,D,I,D,I,D,I,I,I,I,I,I,D,I,D,I,I,D,D,D,I,I,I,I,I,D,I,I,I,I,D,I,D,I,I,I,I,D,I,D,I,I,I,I,D,I,I,I,I,D,I,I,I,I,I,I,I,I,I,I,I,I,I,I,I,I,I,I,I,I,I,I,I,I,I,I,I,I,I,I,R_1f4b3iHMhYEq0MD,iva,75,65,2.5,2.5,2.5,2.5,2.5,0.04374875
I,I,I,I,I,I,I,I,I,I,I,I,I,I,I,I,I,I,I,I,I,I,I,D,I,I,I,I,I,I,I,I,I,I,I,I,I,I,I,I,I,I,I,I,I,I,I,I,D,I,I,I,I,I,I,I,I,I,I,I,I,I,I,I,D,I,I,I,I,I,I,I,I,I,I,I,I,I,I,I,I,I,I,I,R_1JEJkDC1dXOE3ZR,iva,2.5,2.5,2.5,2.5,2.5,2.5,2.5,0.02592625
I,I,I,I,I,I,I,I,I,I,I,I,I,I,I,I,I,I,I,I,I,I,I,I,I,I,I,I,I,I,I,I,I,I,I,I,I,I,I,I,I,I,I,I,I,I,I,I,I,I,I,I,I,I,I,I,I,I,I,I,I,I,I,I,I,I,I,I,I,I,I,I,I,I,I,I,I,I,I,I,I,I,I,I,R_2BnVIygKi7iDwvw,iva,2.5,2.5,2.5,2.5,2.5,2.5,2.5,0.02592625
D,D,D,D,D,D,D,D,D,D,D,I,D,D,I,I,D,I,D,D,D,I,I,D,I,I,I,I,I,D,I,I,I,I,I,I,D,I,I,I,I,I,I,D,I,I,I,I,I,I,I,I,I,D,I,I,I,D,I,I,I,I,I,I,I,I,I,I,I,I,I,I,I,I,I,I,I,I,I,I,I,I,I,I,R_417Bo9cCxWXEuHf,iva,85,25,15,25,25,15,7.5,0.1696575
D,D,D,D,D,D,D,D,D,D,D,D,D,D,D,D,D,D,D,D,D,D,D,D,D,D,D,D,D,D,D,I,D,D,D,I,D,D,I,D,I,D,I,D,D,I,D,I,D,I,I,D,D,D,I,I,I,D,I,I,D,I,D,I,D,D,I,I,I,I,I,D,I,I,I,I,I,I,I,I,I,I,I,I,R_301RbToEWHMcKah,iva,94,85,85,65,45,35,45,0.470489
D,D,D,D,D,D,D,D,D,D,I,I,D,I,I,I,D,D,D,I,D,D,I,D,I,I,I,I,I,D,I,I,I,I,D,I,D,I,I,I,I,D,I,D,I,I,I,I,I,I,I,I,I,I,I,I,I,I,I,I,I,I,I,I,D,I,I,I,I,D,I,D,I,I,I,I,D,I,I,D,I,I,I,I,R_2dsXTdSB5FBa0o9,iva,65,55,25,25,7.5,7.5,7.5,0.1194675
D,D,D,D,D,D,D,D,D,D,D,D,D,D,D,D,D,D,D,D,D,D,D,D,D,D,D,D,D,D,D,D,D,D,D,I,D,D,I,D,I,D,I,D,D,D,D,D,D,I,I,D,D,D,I,D,I,D,I,I,D,I,D,I,D,D,I,D,I,D,I,D,I,I,D,I,D,D,I,D,I,I,I,I,R_31B2O9ElIawBZix,iva,98,98,94,75,45,45,45,0.525423
D,D,D,D,D,D,D,I,D,D,I,D,D,D,I,I,D,D,D,I,I,I,I,D,I,I,I,I,I,D,I,I,I,I,D,I,D,I,I,I,I,D,I,I,I,I,I,I,I,I,I,I,I,D,I,I,I,D,I,I,I,I,I,I,D,I,I,I,I,I,I,I,I,I,I,I,I,I,I,D,I,I,I,I,R_3q6jVB3lLdqrcAh,iva,55,7.5,25,15,7.5,15,15,0.14015875
I,I,I,I,D,D,I,D,D,D,I,I,D,I,I,I,D,D,D,I,I,I,I,D,I,I,I,I,I,D,I,I,I,I,I,I,D,I,I,I,I,I,I,D,I,I,I,I,I,I,I,I,I,D,I,I,I,D,I,I,I,I,I,I,D,I,I,I,I,D,I,D,I,I,I,I,I,I,I,D,I,I,I,I,R_Q6ddSdLPPQsv3IB,iva,98,2.5,25,2.5,2.5,2.5,2.5,0.03998675
D,D,D,D,D,D,D,D,D,D,D,D,D,D,D,D,D,D,D,D,D,D,D,D,D,I,D,I,I,D,I,I,D,I,D,I,D,I,I,I,I,D,I,I,I,I,I,I,I,I,I,I,I,D,I,I,I,D,I,I,I,I,I,I,D,I,I,I,I,I,I,I,I,I,I,I,I,I,I,I,I,I,I,I,R_Rz4RpVd1N2ldEhX,iva,55,55,45,35,35,25,25,0.3008125
D,D,D,D,D,D,D,D,D,D,D,D,D,D,D,D,D,D,D,D,D,D,D,D,I,I,I,I,I,D,I,I,I,I,I,I,D,I,I,I,I,D,I,D,I,I,I,I,I,I,I,I,I,I,I,I,I,I,I,I,I,I,I,I,D,I,I,I,I,I,I,I,I,I,I,I,I,I,I,I,I,I,I,I,R_ymCJQaeK1XDWh6F,iva,65,35,35,25,25,25,25,0.2592725
I,D,I,D,D,D,I,D,I,D,I,I,I,I,I,I,D,I,D,I,I,D,I,D,I,I,I,I,I,I,I,I,I,I,D,I,I,I,I,I,I,I,I,D,I,I,I,I,D,I,I,D,I,I,I,I,I,D,I,I,I,I,D,I,D,I,I,D,I,D,I,D,I,I,I,I,D,D,I,D,I,I,I,I,R_2BeWJ43G1saUBk1,iva,35,45,7.5,2.5,7.5,2.5,2.5,0.04970625
I,I,I,D,I,D,I,I,I,D,I,I,I,I,I,I,I,I,D,I,I,I,I,D,I,I,I,I,I,D,I,I,I,I,I,I,D,I,I,I,I,I,I,D,I,I,I,I,D,I,I,I,I,D,I,I,I,D,I,I,I,I,I,I,D,I,I,I,I,I,I,D,I,I,I,I,I,I,I,D,I,I,I,I,R_CmoSeeyrPGAKbux,iva,98,7.5,2.5,2.5,2.5,2.5,2.5,0.0308055
I,I,I,D,D,D,I,D,D,D,I,I,I,I,I,I,D,I,D,I,I,D,I,D,I,I,I,I,I,D,I,I,I,I,D,I,D,I,I,I,I,D,I,I,I,I,I,I,I,I,I,I,I,I,I,I,I,I,I,I,I,I,I,I,I,I,I,I,I,I,I,I,I,I,I,I,I,D,I,I,I,I,I,I,R_1Cj4hGiDFPijbXr,iva,55,55,15,2.5,2.5,2.5,2.5,0.0463425
I,D,I,D,D,D,I,D,I,D,I,I,I,I,I,I,D,I,D,I,I,D,D,D,I,I,I,I,I,D,I,I,I,I,D,I,D,I,I,I,I,D,I,D,I,I,I,I,D,I,I,D,I,D,I,I,I,D,I,I,I,I,I,I,D,I,I,I,I,D,I,D,I,I,I,I,I,I,I,D,I,I,I,I,R_3HKbeHw7ygBUPND,iva,98,75,7.5,2.5,7.5,2.5,2.5,0.05934675
D,D,D,D,D,D,D,D,D,D,D,D,D,D,D,D,D,D,D,D,D,D,D,D,D,I,D,I,I,D,I,I,D,I,D,I,D,I,I,D,I,D,I,D,I,I,D,I,D,I,I,D,I,D,I,I,I,D,I,I,I,I,I,I,I,I,I,I,I,I,I,I,I,I,I,I,I,I,I,I,I,I,I,I,R_1DOOnks9NVH3AcI,iva,85,75,65,35,35,25,25,0.3160075
D,I,I,I,D,I,D,D,I,I,D,D,I,D,I,D,D,I,D,D,D,I,I,D,D,I,I,D,I,I,D,D,I,D,D,I,I,D,D,D,I,I,D,I,D,D,D,I,I,I,D,I,D,D,I,I,I,D,I,D,D,D,I,I,I,D,D,I,D,I,I,D,D,D,I,D,I,D,I,I,D,I,D,D,R_338QkCLkGHd8gGH,iva,2.5,2.5,7.5,7.5,2.5,15,2.5,0.07823375
D,D,D,D,D,D,D,D,D,D,D,D,D,D,I,I,D,I,D,I,I,D,I,D,I,I,I,I,I,D,I,I,I,I,D,I,D,I,I,I,I,D,I,D,I,I,I,I,D,I,I,D,I,D,I,I,I,D,I,I,I,I,D,I,D,I,I,I,I,D,I,D,I,I,I,I,D,D,I,D,I,I,I,I,R_2v24NIoxS2E1WAR,iva,98,98,15,15,15,15,15,0.1739645
D,D,D,D,D,D,D,D,D,D,D,I,D,D,I,I,D,D,D,D,D,D,D,D,I,I,I,I,I,D,D,I,D,I,D,I,D,I,I,D,I,D,I,I,I,I,I,I,I,I,I,I,I,I,I,I,I,I,I,I,I,I,I,I,I,I,I,I,I,I,I,I,I,I,I,I,I,I,I,I,I,I,I,I,R_2TphljiEjEw34ZI,iva,55,55,55,25,25,15,7.5,0.1941775
I,I,I,D,I,D,I,D,I,D,I,I,I,I,I,I,D,I,D,I,I,D,I,D,I,I,I,I,I,D,I,I,I,I,D,I,D,I,I,I,I,I,I,D,I,I,I,I,I,I,I,I,I,I,I,I,I,D,I,I,I,I,I,I,I,I,I,I,I,I,I,I,I,I,I,I,I,I,I,I,I,I,I,I,R_2EclPz1tTfNkm4e,iva,65,45,2.5,2.5,2.5,2.5,2.5,0.03855375
D,D,D,D,D,D,D,D,D,D,D,D,D,D,D,D,D,D,D,D,D,D,D,D,I,I,I,I,I,D,I,I,D,I,D,I,D,D,I,D,I,D,I,D,I,I,I,I,D,I,I,D,I,D,I,I,I,D,I,I,I,I,D,I,D,I,I,I,I,D,I,D,I,I,I,I,D,I,I,D,I,I,I,I,R_1kLiWCpTwHmIxFV,iva,98,94,55,25,25,25,25,0.2839625
I,I,I,I,I,I,I,I,I,I,I,I,I,I,I,I,I,I,I,I,I,I,I,I,I,I,I,I,I,I,I,I,I,I,I,I,I,I,I,I,I,I,I,D,I,I,I,I,I,I,I,D,I,D,I,I,I,D,I,I,I,I,I,I,I,I,I,I,I,I,I,D,I,I,I,I,I,I,I,D,I,I,I,I,R_79T3QJc7gEPqSYx,iva,2.5,2.5,2.5,2.5,2.5,2.5,2.5,0.02592625
I,I,I,D,I,D,I,D,I,D,I,I,I,I,I,I,I,I,D,I,I,I,I,D,I,I,I,I,I,D,I,I,I,I,I,I,D,I,I,I,I,I,I,D,I,I,I,I,I,I,I,I,I,D,I,I,I,I,I,I,I,I,I,I,I,I,I,I,I,I,I,I,I,I,I,I,I,I,I,I,I,I,I,I,R_2ePeo3SGnB8zOkn,iva,75,15,2.5,2.5,2.5,2.5,2.5,0.03172375
D,I,I,D,I,D,I,D,I,D,I,I,I,I,I,I,D,I,D,I,D,D,I,D,I,I,D,I,I,D,D,I,I,I,D,I,D,D,I,I,I,D,I,D,D,I,I,I,D,I,I,D,I,D,I,D,I,D,D,I,I,I,I,I,I,I,I,I,I,I,I,I,I,I,I,I,I,I,I,I,I,I,I,I,R_6J3fLXmHtPaEZ2N,iva,85,75,2.5,2.5,2.5,7.5,2.5,0.06403875
D,D,D,D,D,D,D,D,D,D,D,D,D,D,D,D,D,D,D,D,D,D,D,D,D,D,D,D,D,D,D,D,D,D,D,I,D,D,D,D,D,D,I,D,I,I,I,I,D,I,I,D,I,D,I,I,I,D,I,I,I,I,D,I,D,I,I,I,I,D,I,I,I,I,I,I,I,I,I,I,I,I,I,I,R_237yvaSempEasMH,iva,91,91,55,55,55,55,45,0.5354715
I,I,I,D,I,D,I,D,I,D,I,I,I,I,I,I,I,I,D,I,I,I,I,D,I,I,I,I,I,D,I,I,I,I,I,I,D,I,I,I,I,I,I,D,I,I,I,I,I,I,I,I,I,D,I,I,I,I,I,I,I,I,I,I,I,I,I,I,I,I,I,D,I,I,I,I,I,I,I,I,I,I,I,I,R_1oG7PlXRb0DjmQe,iva,75,15,2.5,2.5,2.5,2.5,2.5,0.03172375
I,I,I,I,I,D,I,I,I,I,I,I,I,I,I,I,I,I,D,I,I,D,I,D,I,I,I,I,I,D,I,I,I,I,I,I,D,I,I,I,I,I,I,D,I,I,I,I,I,I,I,I,I,I,I,I,I,I,I,I,I,I,I,I,D,I,I,I,I,I,I,D,I,I,I,I,I,I,I,D,I,I,I,I,R_bO6N7h2Z0UKa2Gt,iva,7.5,2.5,2.5,2.5,2.5,2.5,2.5,0.02611875
I,I,I,D,D,D,D,D,D,D,I,I,D,I,I,I,D,I,D,I,I,D,I,D,I,I,I,I,I,D,I,I,I,I,D,I,D,I,I,I,I,D,I,D,I,I,I,I,I,I,I,I,I,D,I,I,I,D,I,I,I,I,I,I,D,I,I,I,I,I,I,D,I,I,I,I,I,I,I,D,I,I,I,I,R_1Lh64zYI9snCn1p,iva,98,55,15,15,2.5,2.5,2.5,0.063623
I,I,I,I,I,D,I,I,I,D,I,I,I,I,I,I,I,D,D,I,I,I,I,D,I,I,I,I,I,D,I,I,I,I,I,I,D,I,I,I,I,I,I,D,I,I,I,I,I,I,I,I,I,D,I,I,I,I,I,I,I,I,I,I,D,I,I,I,I,I,I,D,I,I,I,I,I,I,I,D,I,I,I,I,R_7PXCpAejxDAC7KN,iva,75,2.5,2.5,2.5,2.5,2.5,2.5,0.0287175
D,D,D,D,D,D,D,D,D,D,D,D,D,D,D,D,D,D,D,D,D,D,D,D,I,I,D,I,I,D,I,I,I,I,D,I,D,I,I,I,I,D,I,D,I,I,I,I,I,I,I,D,I,D,I,I,I,D,I,I,I,I,I,I,D,I,I,I,I,I,I,D,I,I,I,I,I,I,I,D,I,I,I,I,R_1gbfl7keLTPYOPL,iva,98,55,35,35,25,25,25,0.277853
I,I,I,I,I,D,I,D,I,D,I,I,I,I,I,I,D,D,D,I,I,D,I,D,I,I,I,I,I,D,D,I,I,I,D,I,D,D,I,I,I,D,I,D,I,I,I,I,I,I,I,D,I,D,I,D,I,D,I,I,I,I,D,I,I,I,I,I,I,I,I,I,I,I,I,I,I,I,I,I,I,I,I,I,R_2B5U5GvqCmY3XG9,iva,85,2.5,2.5,2.5,2.5,2.5,2.5,0.0291025
D,D,D,D,D,D,D,D,D,D,I,I,D,I,I,I,D,I,D,D,D,D,D,D,I,I,I,I,I,D,I,I,I,I,D,I,D,D,I,D,I,D,I,D,D,I,D,I,D,D,I,D,I,D,I,I,I,D,I,I,I,I,I,I,D,D,I,I,I,I,I,D,I,I,I,I,D,I,I,I,I,I,D,I,R_2R7XzIw1LZuxQ33,iva,94,75,15,25,7.5,7.5,7.5,0.120779
D,D,I,D,D,D,D,D,D,D,D,I,D,I,I,I,D,D,D,I,D,D,D,D,I,I,I,I,I,D,I,I,I,I,D,I,D,I,I,I,I,D,I,D,I,I,I,I,I,I,I,I,I,I,I,I,I,I,I,I,I,I,I,I,D,I,I,I,I,I,I,D,I,I,I,I,I,I,I,D,I,I,I,I,R_3HMM0OuE6AHtPMj,iva,65,55,35,25,15,7.5,2.5,0.1265825
D,D,I,D,D,D,D,D,D,D,I,I,D,I,I,I,D,D,D,I,I,D,D,D,I,I,I,I,I,D,I,I,D,I,D,I,D,I,I,D,I,D,I,D,I,I,I,I,I,I,I,I,I,D,I,I,I,D,I,I,I,I,I,I,D,I,I,I,I,I,I,D,I,I,I,I,I,I,I,D,I,I,I,I,R_1PTcYBF1GahaH3v,iva,98,55,55,15,7.5,7.5,2.5,0.109583
D,D,D,D,D,D,D,D,D,D,D,D,D,D,D,D,D,D,D,D,D,D,D,D,D,I,D,I,I,D,D,I,D,I,D,I,D,D,I,D,I,D,I,D,D,I,D,I,D,I,I,D,D,D,I,D,I,D,I,I,D,I,D,I,D,I,I,I,I,D,I,D,D,I,D,I,D,I,I,D,I,I,D,I,R_3kd0rgFAgoQW241,iva,98,94,85,75,35,25,25,0.3803075
I,I,I,D,D,D,I,D,D,D,D,I,I,I,I,I,D,D,D,I,D,D,I,D,I,I,I,I,I,D,I,I,I,I,D,I,D,I,I,I,I,D,I,D,I,I,I,I,D,I,I,D,D,D,I,I,I,D,I,I,I,I,I,I,D,I,I,I,I,I,I,I,I,I,I,I,I,I,I,I,I,I,I,I,R_2Xgqxi9zdn2BUmi,iva,91,75,25,2.5,2.5,2.5,2.5,0.0571535
I,I,I,D,D,D,D,D,D,D,I,I,D,I,I,I,D,D,D,I,I,D,D,D,I,I,D,I,I,D,D,I,D,I,D,I,D,D,I,D,I,D,I,D,D,I,D,I,D,I,I,D,D,D,I,D,I,D,D,I,D,I,D,I,D,I,I,D,I,D,I,D,I,I,D,I,D,D,D,D,I,I,D,I,R_3gYpoLOFNVavNKM,iva,98,98,98,15,2.5,2.5,2.5,0.112269
D,D,D,D,D,D,D,D,D,D,D,D,D,D,D,D,D,D,D,D,D,D,I,D,I,I,D,I,I,D,I,I,D,I,D,I,D,I,I,D,I,D,D,D,D,D,D,D,D,I,I,D,D,D,D,D,I,D,D,I,D,I,D,I,D,I,I,I,I,D,I,D,I,I,D,I,D,D,I,D,I,I,I,I,R_3LjnIn5WIOcHHKC,iva,98,98,25,35,25,25,25,0.2835795
I,I,I,D,D,D,I,D,D,D,I,I,I,I,I,I,D,I,D,I,I,D,I,D,I,I,I,I,I,I,I,I,I,I,I,I,D,I,I,I,I,D,I,D,I,I,I,I,I,I,I,I,I,D,I,I,I,I,I,I,I,I,I,I,I,I,I,I,I,I,I,I,I,I,I,I,I,I,I,I,I,I,I,I,R_3fN7O0XfuiBdX3i,iva,35,35,15,2.5,2.5,2.5,2.5,0.0407625
D,D,D,D,D,D,D,D,D,D,D,I,D,I,D,I,D,D,D,D,D,D,I,D,I,I,I,I,I,D,I,I,I,I,D,I,D,I,I,I,I,D,I,D,I,I,I,I,D,I,I,D,I,D,I,I,I,D,I,I,I,I,I,I,D,I,I,I,I,I,I,I,I,I,I,I,I,I,I,I,I,I,I,I,R_D1YtR94ow5pbsKR,iva,91,75,25,25,25,7.5,7.5,0.1602785
D,D,D,D,D,D,D,D,D,D,D,D,D,D,D,D,D,D,D,D,D,D,D,I,D,D,D,D,D,D,D,D,D,D,D,D,D,D,D,D,D,D,D,I,D,D,D,D,D,D,D,I,I,D,D,D,D,D,D,D,D,D,D,D,D,D,D,D,D,D,D,D,D,D,D,D,D,D,D,D,D,D,D,D,R_1LpXU0Ijt1riSaG,iva,25,65,65,98,98,98,98,0.9540425
I,I,I,D,I,D,I,D,I,D,I,I,I,I,I,I,I,I,D,I,I,D,D,D,I,I,I,I,I,D,I,I,I,I,D,I,D,I,I,I,I,I,I,D,I,I,I,I,I,I,I,I,I,I,I,I,I,I,I,I,I,I,I,I,D,I,I,I,I,I,I,D,I,I,I,I,D,I,I,D,I,I,I,I,R_3nilPTXsz60XsBc,iva,65,15,2.5,2.5,2.5,2.5,2.5,0.03133875
D,D,I,D,D,D,D,D,D,D,D,I,D,D,I,I,D,D,D,I,D,D,D,D,D,I,D,I,I,D,D,I,D,I,D,I,D,D,I,D,I,D,I,I,I,I,D,I,D,I,I,D,D,D,I,D,I,D,D,I,D,I,D,I,D,D,I,I,I,D,I,D,D,I,D,I,D,D,D,D,I,I,I,I,R_RgcrjMcg9koQWR3,iva,55,98,85,55,15,15,2.5,0.223364
D,D,I,D,D,D,D,D,D,D,D,I,D,D,D,I,D,D,D,D,D,D,D,D,D,I,D,D,I,D,D,I,D,D,D,I,D,D,I,D,D,D,I,D,D,I,D,I,D,I,I,D,D,D,I,D,I,D,I,I,I,I,D,I,D,I,I,I,I,D,I,D,I,I,I,I,D,D,I,D,I,I,I,I,R_4Vm79nqDyuODJLz,iva,98,98,75,75,55,35,2.5,0.3954045
I,I,I,D,D,D,I,D,D,D,I,I,I,I,I,I,D,D,D,I,I,D,I,D,D,I,I,I,I,I,I,I,I,I,I,I,I,I,I,I,I,I,I,D,I,I,I,I,D,I,I,I,I,D,I,I,I,D,I,I,I,I,D,I,D,I,I,I,I,I,I,D,I,I,I,I,I,I,I,I,I,I,I,I,R_3lueyUcermEDx1c,iva,35,35,25,2.5,2.5,2.5,2.5,0.0453775
D,D,I,D,D,D,I,D,D,D,I,I,D,I,I,I,D,I,D,I,I,D,D,D,I,I,D,I,I,D,D,I,D,I,D,I,D,D,I,I,D,D,I,D,D,I,I,I,D,I,I,D,D,D,I,D,I,D,I,I,I,I,D,I,D,I,I,I,I,D,I,D,I,I,I,I,D,I,I,D,I,I,I,I,R_1PSDoSe35ThL5N7,iva,98,94,15,2.5,7.5,7.5,2.5,0.0848775
D,D,D,D,D,D,D,D,D,D,D,D,D,D,D,D,D,D,D,D,D,D,D,D,D,D,D,D,D,D,D,D,D,D,D,D,D,D,D,D,D,D,I,D,I,I,D,I,D,I,I,D,I,D,I,I,I,D,I,I,I,I,D,I,D,I,I,I,I,D,I,D,I,I,I,I,D,D,I,D,I,I,I,I,R_2YkRYzo7gaqL3nw,iva,98,98,65,55,55,55,55,0.5670395
I,D,I,D,D,D,I,D,D,D,I,I,I,I,I,I,D,I,D,I,I,D,D,D,I,I,I,I,I,D,I,I,D,I,D,I,D,I,I,I,I,D,I,D,I,I,I,I,D,I,I,D,I,D,I,I,I,D,I,I,I,I,I,I,D,I,I,I,I,I,I,D,I,I,I,I,I,I,I,I,I,I,I,I,R_1KcINUAc6icJoHf,iva,94,75,15,2.5,7.5,2.5,2.5,0.062654
I,D,I,D,D,D,I,D,D,D,I,I,I,I,I,I,D,D,D,I,I,D,D,D,I,I,I,I,I,D,I,I,D,I,D,I,D,I,I,D,I,D,I,D,I,I,I,I,I,I,I,I,I,D,I,I,I,D,I,I,I,I,I,I,D,I,I,D,I,D,I,D,I,I,I,I,I,I,I,I,I,I,I,I,R_1mCNvbj1kil8V3n,iva,94,55,55,2.5,7.5,2.5,2.5,0.076304
I,I,I,D,I,D,I,D,I,D,I,I,I,I,I,I,D,I,D,I,I,D,I,D,I,I,I,I,I,D,I,I,I,I,D,I,D,I,I,I,I,D,I,D,I,I,I,I,D,I,I,D,I,D,I,I,I,D,I,I,I,I,I,I,D,I,I,I,I,I,I,D,I,I,I,I,I,I,I,I,I,I,I,I,R_WvUYb4Zid2spTY5,iva,94,75,2.5,2.5,2.5,2.5,2.5,0.04688525
D,D,D,D,D,D,D,D,D,D,D,D,D,D,I,I,D,I,D,I,I,D,I,D,I,I,I,I,I,D,I,I,I,I,D,I,D,I,I,I,I,D,I,I,I,I,I,I,I,I,I,I,I,D,I,I,I,I,I,I,I,I,I,I,I,I,I,I,I,D,I,I,I,I,I,I,I,I,I,I,I,I,I,I,R_3nrenuokwZilNjq,iva,55,55,15,15,15,15,15,0.1619675
D,D,D,D,D,D,D,D,D,D,D,D,D,D,D,D,D,D,D,D,D,D,D,D,D,D,D,D,D,D,D,D,D,D,D,D,D,I,D,D,D,D,I,D,I,I,I,I,I,I,I,D,I,D,I,I,I,D,I,I,I,I,I,I,D,D,D,D,D,D,I,D,I,D,D,D,D,D,I,D,D,I,I,I,R_3kMRN5ll6Zi4I51,iva,98,55,55,45,55,55,55,0.539583
D,D,D,D,D,D,D,D,D,D,I,I,D,I,I,I,D,D,D,I,D,D,D,D,I,I,I,I,I,D,I,I,D,I,D,I,D,D,I,D,I,D,I,D,I,I,D,I,D,I,I,D,D,D,I,I,I,D,I,I,I,I,D,I,D,I,I,I,I,D,I,D,I,I,I,I,D,I,I,I,I,I,I,I,R_pbiGRRqkj3XVLqh,iva,94,94,75,25,7.5,7.5,7.5,0.1530385
I,D,I,D,D,D,D,D,I,D,I,I,D,I,I,I,D,D,D,I,D,D,I,D,I,I,D,I,I,D,D,I,D,I,D,I,D,D,I,D,I,D,I,D,D,I,D,I,D,I,I,D,D,D,I,I,I,D,D,I,D,I,D,I,D,D,I,D,I,D,I,I,I,I,I,I,I,I,I,I,I,I,I,I,R_zf0YQME2RZtSm9r,iva,91,91,7.5,65,7.5,2.5,2.5,0.14105025
D,I,I,D,I,D,D,D,I,D,I,I,D,I,I,I,D,I,D,I,I,D,I,D,I,I,I,I,I,D,I,I,I,I,I,I,D,I,I,I,I,D,I,D,I,I,I,I,I,I,I,I,I,D,I,I,I,D,I,I,I,I,I,I,D,I,I,I,I,I,I,D,I,I,I,I,I,I,I,I,I,I,I,I,R_3k5mkqTg8pMeLAx,iva,94,35,2.5,15,2.5,7.5,2.5,0.07039025
D,D,I,D,D,D,D,D,D,D,D,I,D,I,I,I,D,D,D,I,I,D,D,D,I,I,I,I,I,D,I,I,I,I,D,I,D,I,I,I,I,D,I,D,I,I,I,I,D,I,I,D,I,D,I,I,I,D,I,I,I,I,I,I,D,I,I,I,I,D,I,D,I,I,I,I,I,I,I,D,I,I,I,I,R_55Qh5Rewdk6hYZj,iva,98,75,35,15,15,7.5,2.5,0.120163
D,D,I,D,D,D,D,I,I,I,D,I,D,I,D,D,I,I,I,I,D,I,I,D,I,D,D,D,I,I,I,I,D,D,I,D,I,I,D,I,D,D,I,I,I,I,I,I,D,D,D,I,D,I,I,I,D,D,D,D,I,D,D,I,D,I,I,D,I,D,D,I,D,D,I,D,I,D,I,I,D,D,I,I,R_1F93TeYyKXEpBks,iva,7.5,7.5,7.5,35,15,7.5,2.5,0.11275375
I,I,I,D,D,D,I,D,I,D,I,I,I,I,I,I,I,I,D,I,I,I,I,D,I,I,I,I,I,D,I,I,I,I,I,D,D,I,I,I,I,D,I,D,I,I,I,I,D,I,I,D,I,D,I,I,I,D,I,I,I,I,I,I,I,I,I,I,I,I,I,I,I,I,I,I,I,I,I,I,I,I,I,I,R_232MzJmPOCf6ZH3,iva,85,15,7.5,2.5,2.5,2.5,2.5,0.03441625
I,I,I,I,I,I,I,I,I,I,I,I,I,I,I,I,I,I,I,I,I,D,I,D,I,I,I,I,I,I,I,I,I,I,I,I,I,I,I,I,I,I,I,I,I,I,I,I,I,I,I,I,I,I,I,I,I,I,I,I,I,I,I,I,I,I,I,I,I,I,I,I,I,I,I,I,I,I,I,I,I,I,I,I,R_2YgPeujOD7ToqM2,iva,2.5,2.5,2.5,2.5,2.5,2.5,2.5,0.02592625
I,I,I,D,I,D,I,D,I,D,I,I,I,I,I,I,D,I,D,I,I,D,I,D,I,I,I,I,I,D,I,I,I,I,D,I,D,I,I,I,I,D,I,D,I,I,I,I,D,I,I,D,I,D,I,I,I,D,I,I,I,I,D,I,I,I,I,I,I,I,I,D,I,I,I,I,I,I,I,D,I,I,I,I,R_3D14VfHP1SQ0wnv,iva,85,85,2.5,2.5,2.5,2.5,2.5,0.04894375
I,I,I,D,D,D,D,D,D,D,I,I,D,I,I,I,D,D,D,I,D,D,D,D,I,I,D,I,I,D,D,I,D,I,D,I,D,D,I,D,D,D,I,D,I,I,I,I,D,I,I,D,I,D,I,I,I,D,I,I,I,I,I,I,D,I,I,I,I,I,I,D,I,I,I,I,I,I,I,D,I,I,I,I,R_1DOy4opuhM7eY4U,iva,98,75,55,55,2.5,2.5,2.5,0.136893
D,D,D,D,D,D,D,D,D,D,D,D,D,D,D,D,D,D,D,D,D,D,D,D,I,I,I,I,I,D,D,I,I,I,D,I,D,D,I,D,I,D,I,D,I,I,D,I,D,I,I,D,D,D,I,I,I,D,D,I,I,I,D,I,I,I,I,I,I,I,I,I,I,I,I,I,I,I,I,I,I,I,I,I,R_1NE7Pkq0fNtU8nD,iva,85,85,35,25,25,25,25,0.2720675
D,D,I,D,D,D,D,I,I,D,D,I,D,D,I,I,D,D,D,I,I,I,I,D,I,D,I,D,D,I,I,D,I,I,D,D,I,I,D,I,I,D,D,D,D,I,D,D,I,D,D,D,D,I,I,D,I,I,I,I,D,I,I,I,D,D,I,I,I,I,D,D,I,D,D,D,D,D,D,I,I,I,I,D,R_1mgxBdD1E8kJlim,iva,35,7.5,7.5,15,15,15,2.5,0.1150625
D,D,D,D,D,D,D,D,D,D,D,D,D,I,I,I,D,D,D,I,D,D,D,D,I,I,I,I,I,D,D,I,D,I,D,I,D,D,I,D,I,D,I,D,I,I,I,I,D,I,I,D,D,D,I,I,I,D,I,I,D,I,D,I,D,D,I,D,I,D,I,D,I,I,D,I,D,D,D,D,I,I,I,I,R_3EgN4diZMVGHJ04,iva,98,98,55,25,15,7.5,15,0.1786745
D,D,D,D,D,D,D,D,D,D,D,D,D,D,D,D,D,D,D,D,D,D,D,D,I,I,I,I,I,I,I,I,D,I,D,I,D,I,I,I,I,D,I,D,I,I,I,I,D,I,I,D,I,D,I,I,I,D,I,I,I,I,D,I,D,I,I,I,I,I,I,I,I,I,I,I,I,I,I,I,I,I,I,I,R_2DSVHXcsOcMdUWm,iva,35,85,45,25,25,25,25,0.2747575
D,D,I,D,D,D,D,D,D,D,D,I,D,D,D,I,I,I,D,I,I,I,I,I,I,I,I,I,I,I,I,I,I,I,I,I,I,I,I,I,I,I,I,D,I,I,I,I,I,I,I,I,I,D,I,I,I,D,I,I,I,I,I,I,I,I,I,I,I,I,I,I,I,I,I,I,I,I,I,I,I,I,I,I,R_3KCuq8M3uSB2r8W,iva,25,15,15,15,15,25,2.5,0.1549425
I,I,I,D,I,D,I,D,I,D,I,I,I,I,I,I,D,I,D,I,I,I,I,D,I,I,I,I,I,D,I,I,I,I,I,I,I,I,I,I,I,I,I,D,I,I,I,I,I,I,I,I,I,I,I,I,I,I,I,I,I,I,I,I,I,I,I,I,I,I,I,I,I,I,I,I,I,I,I,I,I,I,I,I,R_1ffsjBhl9V7FwMB,iva,45,25,2.5,2.5,2.5,2.5,2.5,0.03297375
I,I,I,I,I,I,I,I,I,I,I,I,I,I,I,I,I,I,I,I,I,I,I,I,I,I,I,I,I,I,I,I,I,I,I,I,I,I,I,I,I,I,I,I,I,I,I,I,I,I,I,I,I,I,I,I,I,I,I,I,I,I,I,I,I,I,I,I,I,I,I,I,I,I,I,I,I,I,I,I,I,I,I,I,R_2TB3SoH2xBXtvdk,iva,2.5,2.5,2.5,2.5,2.5,2.5,2.5,0.02592625
D,D,D,D,D,D,D,D,D,D,D,D,D,D,I,I,D,I,D,I,D,D,I,D,I,I,I,I,I,D,I,I,I,I,D,I,D,I,I,I,I,I,I,D,I,I,D,I,D,I,I,D,I,D,I,I,I,D,I,I,I,I,D,I,D,I,I,I,I,D,I,D,I,I,I,I,I,I,I,I,I,I,I,I,R_3NyaZntPPup52sA,iva,94,45,15,25,15,15,15,0.173564
I,I,I,I,I,D,I,I,I,D,I,I,I,I,I,I,D,I,D,I,I,I,I,D,I,I,I,I,I,D,I,I,I,I,I,I,D,I,I,I,I,I,I,D,I,I,I,I,I,I,I,I,I,D,I,I,I,D,I,I,I,I,I,I,D,I,I,I,I,I,I,D,I,I,I,I,I,I,I,D,I,I,I,I,R_2anp5FkISP09rYw,iva,98,2.5,2.5,2.5,2.5,2.5,2.5,0.029603
D,D,D,D,D,D,D,D,D,D,D,D,D,D,D,D,D,D,D,D,D,D,D,D,D,D,D,D,D,D,D,D,D,D,D,I,D,I,I,I,I,D,D,D,I,I,I,I,D,I,I,D,I,D,I,I,I,D,I,I,I,I,D,D,D,I,I,D,I,D,I,D,I,I,I,I,D,D,I,D,I,I,I,I,R_cGQuZFV3ZaCTOed,iva,98,98,45,45,45,45,45,0.4653095
I,I,I,D,I,D,I,I,I,D,I,I,I,I,I,I,D,I,D,I,I,I,I,D,I,I,I,I,I,D,I,I,I,I,D,I,D,I,I,I,I,I,I,D,I,I,D,I,D,I,I,D,I,D,I,I,I,D,I,I,I,I,I,I,D,I,I,I,I,I,I,I,I,I,I,I,I,I,I,I,I,I,I,I,R_1OOlGgsaUkApw4O,iva,91,7.5,2.5,2.5,2.5,2.5,2.5,0.030536
D,D,I,D,D,D,D,I,I,D,D,I,I,I,I,I,D,D,D,I,D,D,D,I,I,D,D,I,D,D,I,I,D,I,I,D,D,I,I,I,D,D,D,D,D,I,D,D,I,D,D,D,D,I,I,D,I,I,I,I,D,I,I,I,I,D,D,I,D,I,I,D,D,D,I,D,I,D,I,I,D,I,D,D,R_2Ejl6eZdUTAX4Kk,iva,25,7.5,7.5,7.5,15,7.5,2.5,0.0790525
I,I,I,I,I,D,I,I,I,D,I,I,I,I,I,I,I,I,D,I,I,I,I,D,I,I,I,I,I,D,I,I,I,I,I,I,D,I,I,I,I,I,I,D,I,I,I,I,I,I,I,I,I,I,I,I,I,D,I,I,I,I,I,I,D,I,I,I,I,I,I,D,I,I,I,I,I,I,I,D,I,I,I,I,R_3EzCXaPoMh7Obbk,iva,65,2.5,2.5,2.5,2.5,2.5,2.5,0.0283325
I,I,I,I,I,I,I,I,I,I,I,I,I,I,I,I,I,I,I,I,I,D,I,I,I,I,I,I,I,I,I,I,I,I,I,I,I,I,I,I,I,I,I,I,I,I,I,I,I,I,I,I,I,I,I,I,I,I,I,I,I,I,I,I,I,I,I,I,I,D,I,D,I,I,I,I,I,I,I,I,I,I,I,I,R_1Nq6gRu4RwUbDKn,iva,2.5,2.5,2.5,2.5,2.5,2.5,2.5,0.02592625
I,I,I,I,I,D,I,I,I,D,I,I,I,I,I,I,I,I,D,I,I,I,I,D,I,I,I,I,I,D,I,I,I,I,I,I,D,I,I,I,I,I,I,D,I,I,I,I,I,I,I,I,I,D,I,I,I,D,I,I,I,I,I,I,I,I,I,I,I,I,I,D,I,I,I,I,I,I,I,I,I,I,I,I,R_3JztzTbQuDmhwxU,iva,85,2.5,2.5,2.5,2.5,2.5,2.5,0.0291025
I,I,I,I,I,I,I,I,I,I,I,I,I,I,I,I,I,I,I,I,I,I,I,I,I,I,I,I,I,I,I,I,I,I,I,I,I,I,I,I,I,I,I,I,I,I,I,I,I,I,I,I,I,I,I,I,I,I,I,I,I,I,I,I,I,I,I,I,I,I,I,I,I,I,I,I,I,I,I,I,I,I,I,I,R_w4YaLWU3qyZnnln,iva,2.5,2.5,2.5,2.5,2.5,2.5,2.5,0.02592625
D,D,D,D,D,D,D,D,D,D,D,D,D,D,D,D,D,D,D,D,D,D,D,D,I,D,D,D,D,D,D,D,D,D,D,I,D,I,I,I,I,D,I,D,I,I,I,I,I,I,I,I,I,D,I,I,I,D,I,I,I,I,I,I,D,I,I,I,I,I,I,D,D,I,I,I,I,I,I,D,I,I,I,I,R_2w4SS3OufTwUZSM,iva,98,55,45,45,25,45,45,0.414968
I,I,I,I,I,I,I,I,I,I,I,I,I,I,I,I,I,I,I,I,I,I,I,I,I,I,I,I,I,I,I,I,I,I,I,I,I,I,I,I,I,I,I,I,I,I,I,I,I,I,I,I,I,I,I,I,I,I,I,I,I,I,I,I,I,I,I,I,I,I,I,I,I,I,I,I,I,I,I,I,I,I,I,I,R_1kNVbboFw6FAocO,iva,2.5,2.5,2.5,2.5,2.5,2.5,2.5,0.02592625
D,D,D,D,D,D,D,D,D,D,D,D,D,D,D,D,D,D,D,D,D,D,D,D,D,D,D,D,D,D,D,D,D,D,D,D,D,D,D,D,D,D,I,D,D,I,D,D,D,I,I,D,D,D,D,D,I,D,D,I,D,I,D,I,D,I,I,D,I,D,I,D,I,I,D,I,D,D,D,D,I,I,I,I,R_3PhODmbwmHM3yAF,iva,98,98,98,85,75,55,55,0.659769
D,D,D,D,D,D,D,D,D,D,D,D,D,D,D,D,D,D,D,D,D,D,D,D,D,D,D,D,D,D,D,D,D,D,D,I,D,I,I,I,I,I,I,D,I,I,I,I,I,I,I,I,I,D,I,I,I,D,I,I,I,I,I,I,D,I,I,I,I,I,I,D,I,I,I,I,I,I,I,D,I,I,I,I,R_12yAdFxSzd54U8e,iva,98,45,45,45,45,45,45,0.452563
D,D,D,D,D,D,D,D,D,D,D,D,D,D,D,I,D,D,D,D,D,D,D,D,D,I,D,I,I,D,D,I,D,D,D,I,D,I,I,D,I,D,I,D,D,I,D,D,D,I,I,D,D,D,D,D,I,D,D,I,D,D,D,I,D,I,I,I,I,D,I,D,I,I,I,I,I,I,I,D,I,I,I,I,R_6zNMC8VQOGMLSw1,iva,98,91,85,45,45,25,15,0.337086
I,I,I,I,I,D,I,I,I,D,I,I,I,I,I,I,I,I,D,I,I,I,I,I,I,I,I,I,I,I,I,I,I,I,I,I,I,I,I,I,I,I,I,I,I,I,I,I,I,I,I,I,I,I,I,I,I,I,I,I,I,I,I,I,I,I,I,I,I,I,I,I,I,I,I,I,I,I,I,I,I,I,I,I,R_1CC5JBNvF0Dg8FK,iva,25,2.5,2.5,2.5,2.5,2.5,2.5,0.0267925
I,I,I,I,D,D,I,D,I,D,I,I,I,I,I,I,D,D,D,I,I,D,D,D,D,D,D,D,D,D,D,D,D,D,D,I,D,D,I,I,I,D,I,D,I,I,I,I,I,I,I,D,I,D,D,D,D,D,I,I,I,I,I,I,D,D,I,I,I,D,I,D,D,I,I,I,D,D,I,D,I,I,I,I,R_3kN6uFw1V0bvx1C,iva,98,2.5,7.5,2.5,2.5,2.5,2.5,0.0319105
I,I,I,I,D,D,I,D,I,D,I,I,I,I,I,I,D,I,D,I,I,D,I,D,I,I,I,I,I,D,I,I,I,I,I,I,D,I,I,I,I,I,I,D,I,I,I,I,I,I,I,I,I,D,I,I,I,D,I,I,I,I,I,I,D,I,I,I,I,I,I,D,I,I,I,I,I,I,I,I,I,I,I,I,R_1eOGz2zyqadkNJS,iva,94,2.5,7.5,2.5,2.5,2.5,2.5,0.0317565
D,D,D,D,D,D,D,D,D,D,D,I,D,I,I,I,D,D,D,I,D,D,D,D,I,I,I,I,I,D,I,I,D,I,D,I,D,I,I,D,I,D,I,D,I,I,I,I,D,I,I,D,D,D,I,I,I,D,I,I,I,I,D,I,I,I,I,I,I,I,I,I,I,I,I,I,I,I,I,I,I,I,I,I,R_1g0yJonW6g1mnab,iva,85,85,55,25,15,7.5,7.5,0.1562975
D,D,I,D,D,D,D,D,D,D,D,I,D,D,D,I,D,D,D,D,D,D,D,D,D,I,D,D,I,D,D,D,D,D,D,I,D,I,I,I,I,D,I,D,I,I,I,I,D,I,I,D,I,D,I,I,I,D,I,I,I,I,D,I,D,I,I,I,I,D,I,D,I,I,I,I,D,D,I,D,I,I,I,I,R_6EHtZwDQiAODRM5,iva,98,98,45,45,45,45,2.5,0.3590595
I,D,I,D,D,D,I,D,D,D,I,I,D,I,I,I,D,I,D,I,I,D,I,D,I,I,I,I,I,D,I,I,I,I,D,I,D,I,I,I,I,D,I,D,I,I,I,I,D,I,I,I,I,D,I,I,I,D,I,I,I,I,D,I,D,I,I,I,I,D,I,D,I,I,I,I,I,I,I,D,I,I,I,I,R_sotmiR3ERfKyVdD,iva,98,65,15,2.5,7.5,2.5,2.5,0.060403
I,I,I,D,I,D,I,D,I,D,I,I,I,I,I,I,D,I,D,I,I,D,I,D,I,I,I,I,I,D,I,I,I,I,D,I,D,I,I,I,I,D,I,I,I,I,I,I,I,I,I,I,I,I,I,I,I,I,I,I,I,I,I,I,D,I,I,I,I,D,I,D,I,I,I,I,D,D,I,D,I,I,I,I,R_emqpK2zNeaE3qjT,iva,55,55,2.5,2.5,2.5,2.5,2.5,0.04057375
D,I,I,D,D,D,I,D,D,D,I,I,I,I,I,I,D,D,D,I,I,D,I,D,I,I,I,I,I,D,I,I,I,I,D,I,D,I,I,I,I,D,I,D,I,I,D,I,D,I,I,D,I,I,I,I,I,I,I,I,I,I,I,I,I,I,I,D,I,D,I,I,I,I,I,I,I,I,I,I,I,I,I,I,R_21hQsvlHXf1VgnM,iva,65,75,25,2.5,2.5,7.5,2.5,0.0736525
I,I,I,I,I,D,I,I,I,D,I,I,I,I,I,I,D,I,I,I,I,I,I,D,I,I,I,I,I,D,I,I,I,I,I,I,D,I,I,I,I,I,I,D,I,I,I,I,I,I,I,I,I,D,I,I,I,D,I,I,I,I,I,I,D,I,I,I,I,D,I,D,I,I,I,I,I,I,I,D,I,I,I,I,R_3G81A2kbqsEG3gL,iva,15,2.5,2.5,2.5,2.5,2.5,2.5,0.0264075
I,I,I,D,D,D,D,D,D,D,I,I,I,I,I,I,D,I,D,I,D,D,D,D,I,I,I,I,I,D,I,I,I,I,D,I,D,I,I,I,I,D,I,D,I,I,I,I,D,I,I,D,I,D,I,D,I,I,D,I,I,I,I,I,I,I,I,I,I,I,I,I,I,I,I,I,D,I,I,D,I,I,I,I,R_1GC5VqTCyEc43wW,iva,75,75,15,7.5,2.5,2.5,2.5,0.0581725
I,I,I,D,D,D,I,D,D,D,I,I,I,I,I,I,D,I,D,I,I,D,D,D,I,I,I,I,I,D,I,I,I,I,I,I,D,I,I,I,I,I,I,D,I,I,I,I,D,I,I,D,I,D,I,I,I,I,I,I,I,I,I,I,I,I,I,I,I,I,I,I,I,I,I,I,I,I,I,I,I,I,I,I,R_3EDUpFceJJaYkNJ,iva,75,35,15,2.5,2.5,2.5,2.5,0.0423025
I,I,I,D,I,D,I,D,I,I,I,I,I,I,I,I,I,I,D,I,I,D,I,D,I,I,I,I,I,I,I,I,I,I,I,I,I,I,I,I,I,I,I,I,I,I,I,I,I,I,I,I,I,D,I,I,I,D,I,I,I,I,I,I,I,I,I,I,I,I,I,I,I,I,I,I,I,I,I,I,I,I,I,I,R_1kHVPFh8u0lhIjF,iva,7.5,15,2.5,2.5,2.5,2.5,2.5,0.029125
D,D,D,D,D,D,D,D,D,D,D,D,D,D,D,I,I,D,D,D,D,D,I,D,I,I,I,I,I,D,I,I,I,I,I,I,D,I,I,I,I,I,I,D,I,I,I,I,I,I,I,I,I,D,I,I,I,D,I,I,I,I,I,I,D,I,I,I,I,I,I,I,I,I,I,I,I,I,I,I,I,I,I,I,R_DovP8M1UgEzEXiF,iva,91,15,25,25,25,25,15,0.2258485
I,I,I,I,I,I,I,I,I,D,I,I,I,I,I,I,I,I,I,I,I,I,I,D,I,I,I,I,I,I,I,I,I,I,I,I,I,I,I,I,I,I,I,D,I,I,I,I,I,I,I,D,I,I,I,I,I,I,I,I,I,I,I,I,I,I,I,I,I,I,I,D,I,I,I,I,I,I,I,I,I,I,I,I,R_1GB2oZ9FRV6rAk2,iva,2.5,2.5,2.5,2.5,2.5,2.5,2.5,0.02592625
I,I,I,I,I,I,I,I,I,I,I,I,I,I,I,I,I,I,I,I,I,D,D,D,D,D,D,D,D,D,D,D,D,D,D,D,D,D,D,D,D,D,D,D,D,D,D,D,I,I,I,D,D,I,D,I,I,I,D,I,D,I,I,I,I,I,I,I,I,I,I,I,I,I,I,I,I,I,I,I,I,I,I,I,R_sUsIhuYmd8p7avv,iva,2.5,2.5,2.5,2.5,2.5,2.5,2.5,0.02592625
D,D,I,D,D,D,D,D,D,D,I,I,D,I,I,I,D,D,D,I,D,D,I,D,I,I,I,I,I,D,I,I,D,I,D,I,D,I,I,I,I,D,I,D,I,I,I,I,D,I,I,D,I,D,I,I,I,D,I,I,I,I,D,I,D,I,I,D,I,I,I,I,I,I,I,I,I,I,I,D,I,I,I,I,R_2BeWjafE3TQ0pj0,iva,91,85,25,25,7.5,7.5,2.5,0.1151835
D,D,D,D,D,D,D,D,D,D,I,I,I,I,I,I,D,I,D,I,I,D,I,D,I,I,I,I,I,D,I,I,I,I,I,I,D,I,I,I,I,I,I,D,I,I,I,I,I,I,I,I,I,I,I,I,I,D,I,I,I,I,I,I,I,I,I,I,I,I,I,I,I,I,I,I,I,I,I,I,I,I,I,I,R_3GeNAxYyY5Gnei8,iva,65,35,15,7.5,7.5,7.5,7.5,0.0881675
D,D,I,D,D,D,D,D,D,D,D,I,D,D,I,I,D,D,D,I,D,D,D,D,I,I,D,I,I,D,D,I,D,I,D,I,D,D,I,D,I,D,I,D,I,I,D,I,D,I,I,D,D,D,I,I,I,D,I,I,D,I,D,I,D,I,I,I,I,I,I,D,I,I,I,I,I,I,I,D,I,I,I,I,R_A4D0KAM1D5vDTd7,iva,98,85,85,55,15,15,2.5,0.221893
D,D,I,D,D,D,I,D,I,D,I,I,I,I,I,I,I,I,D,I,I,I,I,D,I,I,I,I,I,D,I,I,I,I,I,I,D,I,I,I,I,I,I,D,I,I,I,I,I,I,I,I,I,D,I,I,I,D,I,I,I,I,I,I,D,I,I,I,I,I,I,I,I,I,I,I,I,I,I,I,I,I,I,I,R_2dG4juMS6FBWqRW,iva,91,15,7.5,2.5,7.5,7.5,2.5,0.06214725
D,D,D,D,D,D,D,I,D,D,D,I,D,D,I,I,D,D,D,D,D,D,D,D,D,D,D,D,D,I,D,I,I,I,D,D,I,I,D,I,I,I,I,D,D,D,D,D,D,D,D,D,D,D,D,D,D,D,D,D,D,D,D,I,D,I,D,I,D,D,I,D,D,I,I,D,I,I,I,I,I,D,D,D,R_U9gMXe1uyjQCAaR,iva,35,7.5,35,45,35,15,7.5,0.21775375
I,I,I,I,I,D,I,D,I,D,I,I,I,I,I,I,I,I,D,I,I,I,I,D,I,I,I,I,I,D,I,I,I,I,I,I,D,I,I,I,I,I,I,D,I,I,I,I,I,I,I,I,I,D,I,I,I,D,I,I,I,I,I,I,D,I,I,I,I,D,I,D,I,I,I,I,I,I,I,D,I,I,I,I,R_RQzG80vYnsrJqXD,iva,98,2.5,2.5,2.5,2.5,2.5,2.5,0.029603
I,I,I,I,I,I,I,I,I,I,I,I,I,I,I,I,I,I,I,I,I,I,I,D,I,I,I,I,I,I,I,I,I,I,I,I,D,I,I,I,I,I,I,I,I,I,I,I,I,I,I,I,I,I,I,I,I,D,I,I,I,I,I,I,I,I,I,I,I,I,I,I,I,I,I,I,I,I,I,I,I,I,I,I,R_2wABp7psKzAVojN,iva,2.5,2.5,2.5,2.5,2.5,2.5,2.5,0.02592625
I,I,I,D,D,D,D,D,D,D,I,I,D,I,I,I,D,D,D,I,D,D,I,D,I,I,I,I,I,D,I,I,I,I,D,I,D,I,I,I,I,D,I,D,I,I,I,I,D,I,I,D,I,D,I,I,I,D,I,I,I,I,D,I,D,D,I,I,I,D,I,D,I,I,I,I,D,I,I,D,I,I,I,I,R_1mmfh3nETCEyF5D,iva,98,94,25,25,2.5,2.5,2.5,0.0901175
I,I,I,D,D,D,D,D,D,D,I,I,I,I,I,I,D,D,D,I,D,D,D,D,I,I,I,I,I,D,D,I,D,I,D,I,D,D,I,D,I,D,I,D,D,I,D,I,D,I,I,D,D,D,I,D,I,D,I,I,I,I,D,I,I,I,I,I,I,I,I,I,I,I,I,I,I,I,I,I,I,I,I,I,R_3MnC0dWvdb17l1a,iva,85,85,75,7.5,2.5,2.5,2.5,0.0886525
I,I,I,I,I,D,I,I,I,D,I,I,I,I,I,I,I,I,I,I,I,I,I,D,I,I,I,I,I,D,I,I,I,I,I,I,D,I,I,I,I,I,I,D,I,I,I,I,I,I,I,I,I,D,I,I,I,D,I,I,I,I,I,I,D,I,I,I,I,I,I,D,I,I,I,I,I,I,I,D,I,I,I,I,R_3Pz2WrLAIQbh9IK,iva,15,2.5,2.5,2.5,2.5,2.5,2.5,0.0264075
I,I,I,D,I,D,I,D,D,D,I,I,D,I,D,D,D,I,I,D,D,I,I,I,I,D,I,I,D,D,D,I,D,D,I,D,D,D,D,D,I,I,D,D,D,I,D,I,D,I,I,D,I,D,D,I,I,D,D,I,D,I,D,D,I,I,D,I,I,D,I,I,D,I,D,D,D,D,I,D,D,D,I,D,R_ODmssAy3qbLxM0p,iva,15,25,2.5,2.5,2.5,2.5,2.5,0.03181875
I,I,I,D,I,D,I,I,I,D,I,I,I,I,I,I,I,I,D,I,I,I,I,D,I,I,I,I,I,D,I,I,I,I,I,I,D,I,I,I,I,I,I,D,I,I,I,I,I,I,I,I,I,D,I,I,I,D,I,I,I,I,I,I,D,I,I,I,I,I,I,D,I,I,I,I,I,I,I,D,I,I,I,I,R_1IT0SlAlN157Eof,iva,98,7.5,2.5,2.5,2.5,2.5,2.5,0.0308055
D,D,D,D,D,D,D,D,D,D,I,I,D,I,I,I,D,D,D,I,D,D,D,D,I,I,I,I,I,D,I,I,I,I,I,I,D,I,I,I,I,D,I,D,I,I,I,I,I,I,I,D,I,D,I,I,I,D,I,I,I,I,I,I,I,I,I,I,I,I,I,I,I,I,I,I,I,I,I,I,I,I,I,I,R_3g71lN7qylMaZyR,iva,85,35,35,25,7.5,7.5,7.5,0.1200425
I,I,I,D,D,D,D,D,D,D,I,I,D,I,I,I,D,D,D,I,D,D,D,D,I,I,I,I,I,D,I,I,I,I,D,I,D,I,I,I,I,D,I,D,I,I,I,I,D,I,I,D,I,D,I,I,I,D,I,I,I,I,D,I,D,I,I,I,I,D,I,D,I,I,I,I,D,D,I,D,I,I,I,I,R_3EgpVaPOSrUU2oj,iva,98,98,35,25,2.5,2.5,2.5,0.0956945
D,D,D,D,D,D,D,D,D,D,D,D,D,D,D,D,D,D,D,D,D,D,D,D,D,I,D,I,I,D,D,I,D,I,D,I,D,D,I,D,I,D,I,D,I,I,I,I,D,I,I,D,I,D,I,I,I,D,I,I,I,I,D,I,D,I,I,I,I,I,I,D,I,I,I,I,I,I,I,I,I,I,I,I,R_1gNQsJQJjXjkLGN,iva,94,85,55,55,35,25,25,0.339144
D,D,I,D,D,D,D,D,D,D,D,I,D,I,I,I,D,D,D,I,I,D,I,D,I,I,I,I,I,D,I,I,I,I,I,I,D,I,I,I,I,I,I,D,I,I,I,I,I,I,I,I,I,D,I,I,I,D,I,I,I,I,I,I,D,I,I,I,I,I,I,D,I,I,I,I,I,I,I,D,I,I,I,I,R_2wGgMCu8s8YQ7Ft,iva,98,35,25,15,15,7.5,2.5,0.105928
I,I,I,D,D,D,I,D,D,D,I,I,D,I,I,I,D,I,D,I,I,D,I,D,I,I,I,I,I,D,I,I,I,I,D,I,D,I,I,I,I,D,I,D,D,I,I,I,I,I,I,D,I,D,I,I,I,D,I,I,I,I,I,I,I,I,I,I,I,I,I,D,I,I,I,I,D,I,I,I,I,I,I,I,R_YQ4IXuC4f2j1odP,iva,85,55,15,2.5,2.5,2.5,2.5,0.0474975
D,D,I,D,D,D,D,D,D,D,D,I,D,I,I,I,D,D,D,I,D,D,I,D,I,I,D,I,I,D,D,I,D,I,D,I,D,D,I,D,I,D,I,D,D,I,I,I,D,I,I,D,I,D,I,D,I,D,I,I,I,I,D,I,D,I,I,I,I,D,I,D,I,I,I,I,D,I,I,D,I,I,I,I,R_1OvKideoQNveW4g,control,98,94,25,75,15,7.5,2.5,0.1951175
I,I,I,D,D,D,D,D,D,D,I,I,D,I,I,I,D,D,D,I,I,D,D,D,I,I,D,I,I,D,D,I,I,I,D,I,D,D,I,I,I,D,I,D,I,I,I,I,D,I,I,D,I,D,I,I,I,D,I,I,I,I,D,I,I,I,I,I,I,I,I,D,I,I,I,I,I,I,I,I,I,I,I,I,R_3JqSGTPOOGVoQzv,control,85,85,35,15,2.5,2.5,2.5,0.0795675
D,D,D,D,D,D,D,D,D,D,D,D,D,D,D,D,D,D,D,D,D,D,D,D,D,D,D,D,D,D,D,D,D,D,D,D,D,D,D,D,D,D,I,D,I,I,I,I,D,I,I,D,I,D,I,I,I,D,I,I,I,I,D,I,D,I,I,I,I,I,I,D,I,I,I,I,D,I,I,D,I,I,I,I,R_O9y8fexJKZsIw0x,control,98,85,55,55,55,55,55,0.559298
D,D,D,D,D,D,D,D,D,D,D,D,D,D,D,D,D,D,D,D,D,D,D,D,D,D,D,D,I,D,D,I,D,I,D,I,D,D,I,D,I,D,I,D,D,I,D,I,D,I,I,D,D,D,I,D,I,D,I,I,D,I,D,I,D,I,I,D,I,D,I,D,I,I,I,I,I,I,I,D,I,I,I,I,R_2VQsHGzH3FoAe03,control,98,91,91,75,35,35,35,0.442355
I,I,I,D,D,D,D,D,D,D,I,I,D,I,I,I,D,D,D,I,D,D,D,D,I,I,D,I,I,D,D,I,D,I,D,I,D,D,I,D,I,D,I,D,D,I,D,I,D,I,I,D,D,D,I,D,I,D,D,I,D,I,D,I,D,I,I,I,I,D,I,D,I,I,I,I,D,D,I,D,I,I,I,I,R_xs9oEDO4EKVsqgF,control,98,98,85,85,2.5,2.5,2.5,0.1937695
D,D,D,D,D,D,D,D,D,D,D,D,D,D,I,I,D,D,D,D,D,D,D,D,D,I,D,D,I,D,D,D,D,D,D,I,D,D,I,D,I,D,I,D,D,I,D,I,D,I,I,I,D,D,I,I,I,D,I,I,I,I,D,I,D,I,I,I,I,D,I,D,I,I,I,I,D,D,I,D,I,I,I,I,R_30bYjii2EDI0zPe,control,98,65,75,65,45,15,15,0.316218
D,D,D,D,D,D,D,D,D,D,D,D,D,D,D,I,D,D,D,D,D,D,D,D,I,I,I,I,I,D,D,I,D,I,D,I,D,D,I,D,I,D,I,D,I,I,I,I,D,I,I,D,I,D,I,I,I,D,I,I,I,I,D,I,D,I,I,I,I,D,I,D,I,I,I,I,D,D,I,D,I,I,I,I,R_30nOtcsbIE1IZbu,control,98,98,55,25,25,25,15,0.2599245
D,D,D,D,D,D,D,D,D,D,D,D,D,D,D,D,D,D,D,D,D,D,D,D,I,I,I,I,I,D,I,I,I,I,D,I,D,I,I,I,I,D,I,D,I,I,I,I,I,I,I,D,I,D,I,I,I,D,I,I,I,I,D,I,D,I,I,I,I,I,I,D,I,I,I,I,I,I,I,D,I,I,I,I,R_2w1CMyMalhYubRj,control,98,55,35,25,25,25,25,0.265353
D,D,D,D,D,D,D,D,D,D,D,D,D,D,D,D,D,D,D,D,D,D,D,D,D,D,D,D,D,D,D,I,D,I,D,I,D,I,I,D,I,D,I,D,I,I,I,I,D,I,I,D,I,D,I,I,I,D,I,I,I,I,D,I,D,I,I,I,I,I,I,D,I,I,I,I,I,I,I,D,I,I,I,I,R_To5XYstuv4alznb,control,98,85,55,45,35,35,45,0.411798
D,D,D,D,D,D,D,D,D,D,D,I,D,D,D,I,D,D,D,D,D,D,D,D,D,I,D,I,I,D,D,I,D,D,D,I,D,D,I,D,I,D,I,D,I,I,D,I,D,I,I,D,D,D,I,D,I,D,I,I,I,I,D,I,D,I,I,I,I,D,I,D,I,I,I,I,D,D,I,D,I,I,I,I,R_294CxSP1ZNs14eN,control,98,98,75,55,45,25,7.5,0.3279045
D,D,I,D,D,D,D,D,D,D,I,I,I,I,D,I,D,D,D,I,I,D,D,D,I,I,I,I,I,D,I,I,D,I,D,I,D,I,I,D,I,D,I,D,D,I,I,I,D,I,I,D,I,D,I,I,I,D,I,I,D,I,D,I,D,I,I,D,I,D,I,D,D,I,D,I,D,D,I,D,I,I,D,I,R_2YQWx9Yox2fhHF3,control,98,98,55,7.5,7.5,7.5,2.5,0.1105495
I,I,I,D,D,D,D,D,I,D,I,I,I,I,I,I,D,I,D,I,I,D,I,D,I,I,I,I,I,D,I,I,I,I,D,D,D,I,I,I,I,D,I,D,I,I,I,I,D,I,I,D,I,D,I,I,I,D,I,I,I,I,D,I,D,I,I,I,I,D,I,D,I,I,I,I,I,I,I,D,I,I,I,I,R_3kq4ObO9bA6A64L,control,98,91,7.5,7.5,2.5,2.5,2.5,0.05944475
I,I,I,D,D,D,D,D,D,D,I,I,D,I,I,I,D,D,D,I,I,D,I,D,I,I,I,I,I,D,I,I,I,I,D,I,D,I,I,I,I,D,I,D,I,I,I,I,D,I,I,D,I,D,I,I,I,D,I,I,I,I,I,I,D,I,I,I,I,I,I,I,I,I,I,I,I,I,I,I,I,I,I,I,R_21FLKWOEdzNF2qh,control,91,75,25,15,2.5,2.5,2.5,0.0727785
I,I,I,D,D,D,D,D,D,D,I,I,D,I,I,I,D,D,D,I,I,D,D,D,I,I,I,I,I,D,I,I,I,I,D,I,D,I,I,I,I,D,I,D,I,I,I,I,D,I,I,D,I,D,I,I,I,D,I,I,I,I,D,I,D,I,I,I,I,D,I,D,I,I,I,I,D,D,I,D,I,I,I,I,R_2ZOBskfAolHn4hR,control,98,98,35,15,2.5,2.5,2.5,0.0831945
D,D,D,D,D,D,D,D,D,D,D,I,D,I,I,I,D,D,D,I,D,D,D,D,I,I,D,I,I,D,I,I,I,I,D,I,D,I,I,I,I,D,I,D,I,I,I,I,D,I,I,D,I,D,I,I,I,D,I,I,I,I,D,I,D,I,I,I,I,I,I,D,I,I,I,I,I,I,I,D,I,I,I,I,R_RCsy8c0phc0Cch3,control,98,85,35,35,15,7.5,7.5,0.160068
D,D,D,D,D,D,D,D,D,D,D,D,D,D,D,D,D,D,D,D,D,D,D,D,D,D,D,D,D,D,D,D,D,D,D,D,D,D,D,D,I,D,I,D,I,I,I,I,D,I,I,D,I,D,I,I,I,D,I,I,I,I,D,I,D,I,I,I,I,I,I,D,I,I,I,I,D,I,I,D,I,I,I,I,R_2qfOzix9SBhiwza,control,98,85,55,55,45,55,55,0.539298
I,I,I,I,I,I,I,I,I,I,I,I,I,I,I,I,I,I,I,I,I,I,I,I,I,I,I,I,I,I,I,I,I,I,I,I,I,I,I,I,I,I,I,I,I,I,I,I,I,I,I,I,I,I,I,I,I,I,I,I,I,I,I,I,I,I,I,I,I,I,I,I,I,I,I,I,I,I,I,I,I,I,I,I,R_AFLtRCFlnP04Dx7,control,2.5,2.5,2.5,2.5,2.5,2.5,2.5,0.02592625
D,D,D,D,D,D,D,D,D,D,D,D,D,D,D,D,D,D,D,D,D,D,D,D,D,I,D,I,I,D,D,I,I,I,D,I,D,D,I,D,I,D,I,D,I,I,I,I,D,I,I,D,I,D,I,I,I,D,I,I,I,I,I,I,D,I,I,I,I,D,I,D,I,I,I,I,D,D,I,D,I,I,I,I,R_3Gizx5AlpM189py,control,98,75,35,55,35,25,25,0.327663
D,D,D,D,D,D,D,D,D,D,D,D,D,D,I,I,D,D,D,I,D,D,D,D,I,I,I,I,I,D,I,I,I,I,D,I,D,I,I,D,I,D,I,D,I,I,I,I,I,I,I,D,I,D,I,I,I,D,I,I,I,I,I,I,D,I,I,I,I,I,I,D,I,I,I,I,I,I,I,D,I,I,I,I,R_27qY6jTmb2knv8S,control,98,55,35,25,15,15,15,0.185353
D,D,D,D,D,D,D,D,D,D,D,D,D,D,D,D,D,D,D,D,D,D,D,D,I,I,D,I,I,D,D,I,D,I,D,I,D,D,I,D,I,D,I,D,I,I,I,I,D,I,I,D,I,D,I,I,I,D,I,I,I,I,D,I,D,I,I,I,I,I,I,D,I,I,I,I,I,I,I,D,I,I,I,I,R_1lucTu48LJB1mvC,control,98,85,55,55,25,25,25,0.319298
I,I,I,D,I,D,I,D,I,D,I,I,I,I,I,I,D,I,D,I,I,D,I,D,I,I,I,I,I,D,I,I,I,I,D,I,D,I,I,I,I,D,I,D,I,I,I,I,I,I,I,I,I,D,I,I,I,D,I,I,I,I,I,I,D,I,I,I,I,D,I,D,I,I,I,I,I,I,I,D,I,I,I,I,R_300JPRSxrdma83o,control,98,55,2.5,2.5,2.5,2.5,2.5,0.04222925
D,D,D,D,D,D,D,D,D,D,D,I,D,D,D,I,D,D,D,D,D,D,D,D,D,I,D,I,I,D,D,I,D,I,D,I,D,D,I,D,I,D,I,D,I,I,D,I,D,I,I,D,D,D,I,I,I,D,I,I,D,I,D,I,D,I,I,I,I,D,I,D,I,I,I,I,D,I,I,D,I,I,I,I,R_1GgxxQcwVerSSVX,control,98,94,85,55,35,25,7.5,0.3115575
I,D,I,D,D,D,D,D,D,D,I,I,I,I,I,I,D,D,D,I,I,D,I,D,I,I,I,I,I,D,I,I,I,I,D,I,D,I,I,I,I,D,I,D,I,I,I,I,I,I,I,D,I,D,I,I,I,D,I,I,I,I,I,I,D,I,I,I,I,I,I,D,I,I,I,I,I,I,I,I,I,I,I,I,R_1odRy7nWgtlkQ1g,control,94,55,25,7.5,7.5,2.5,2.5,0.068709
D,D,I,D,D,D,D,D,D,D,I,I,D,I,I,I,D,D,D,I,D,D,D,D,I,I,I,I,I,D,D,I,D,I,D,I,D,I,I,D,I,D,I,D,D,I,D,I,D,I,I,D,D,D,I,D,I,D,I,I,D,I,D,I,D,I,I,I,I,D,I,D,I,I,I,I,D,I,I,D,I,I,I,I,R_xrNkxYmDmNKMpQB,control,98,94,85,25,7.5,7.5,2.5,0.1453075
I,I,I,D,D,D,D,D,D,D,I,I,D,I,I,I,I,D,D,I,D,D,D,D,I,I,I,I,I,D,I,I,I,I,D,I,D,I,I,I,I,D,I,D,I,I,I,I,D,I,I,D,I,D,I,I,I,D,I,I,I,I,D,I,D,I,I,I,I,I,I,D,I,I,I,I,I,I,I,D,I,I,I,I,R_24uzmSZ5f2K77fI,control,98,15,35,25,2.5,2.5,2.5,0.075733
D,D,I,D,D,D,D,D,D,D,D,I,D,I,I,I,D,D,D,I,D,D,D,D,I,I,D,I,I,D,D,I,D,I,D,I,D,D,I,D,I,D,I,D,D,I,D,I,D,I,I,D,D,D,I,D,I,D,D,I,D,I,D,I,D,I,I,I,I,D,I,D,I,I,I,I,I,I,I,I,I,I,I,I,R_3Dj5K2zdSBuYb6u,control,94,91,85,85,15,7.5,2.5,0.234432
D,D,I,D,D,D,D,D,D,D,D,I,D,D,I,I,D,D,D,D,D,D,D,D,I,I,D,I,I,D,D,I,D,I,D,I,D,D,I,D,I,D,I,D,D,I,I,D,D,I,I,D,I,D,I,D,I,D,D,I,D,I,D,I,D,D,I,D,I,D,I,D,D,I,D,I,D,D,D,D,I,I,D,I,R_1fa1twqXOYUKc7E,control,98,98,55,98,25,15,2.5,0.2849245
D,D,D,D,D,D,D,D,D,D,D,D,D,D,D,D,D,D,D,D,D,D,D,D,I,I,D,I,I,D,D,I,D,I,D,I,D,I,I,I,I,D,I,D,D,I,D,I,D,I,I,D,I,D,I,I,I,I,I,I,I,I,D,I,D,I,I,I,I,D,I,D,I,I,I,I,I,I,I,I,I,I,I,I,R_1jd3O6miBgdk2Cf,control,75,91,45,45,25,25,25,0.3027405
D,D,D,D,D,D,D,D,D,D,D,D,D,D,D,D,D,D,D,D,D,D,D,D,D,D,D,D,D,D,D,D,D,D,D,D,D,D,D,D,D,D,I,D,I,I,D,I,D,I,I,D,I,D,I,I,I,D,I,I,I,I,D,I,D,I,I,I,I,I,I,D,I,I,I,I,I,D,I,I,I,I,I,I,R_1PdFEJpxyinaynA,control,94,85,65,55,55,55,55,0.563759
D,I,I,D,D,D,I,D,I,D,I,I,D,I,I,I,D,D,D,I,I,D,D,D,I,I,D,I,I,D,D,I,D,I,D,I,I,I,I,D,I,D,I,D,I,I,I,I,I,I,I,D,I,D,I,I,I,D,I,I,I,I,I,I,D,I,I,I,I,D,I,I,I,I,I,D,D,I,I,I,I,I,I,I,R_28P8j4zOG0WpqFC,control,45,55,7.5,2.5,2.5,7.5,2.5,0.05999625
I,I,I,D,D,D,D,D,D,D,I,I,D,I,I,I,D,D,D,I,D,D,D,D,I,I,D,I,I,D,D,I,D,I,D,I,D,D,I,D,I,D,I,D,I,I,I,I,D,I,I,D,I,D,I,I,I,D,I,I,I,I,D,I,D,I,I,I,I,D,I,D,I,I,I,I,D,I,I,D,I,I,I,I,R_3EYXr7JyjzXehio,control,98,94,55,55,2.5,2.5,2.5,0.1414625
I,I,I,I,I,I,I,I,I,I,I,I,I,I,I,I,I,I,I,I,I,I,I,I,I,I,I,I,I,I,I,I,I,I,I,I,I,I,I,I,I,I,I,I,I,I,I,I,I,I,I,I,I,I,I,I,I,I,I,I,I,I,I,I,I,I,I,I,I,I,I,I,I,I,I,I,I,I,I,I,I,I,I,I,R_UVJwNZFF8CkFaal,control,2.5,2.5,2.5,2.5,2.5,2.5,2.5,0.02592625
I,I,I,D,D,D,I,D,D,D,I,I,I,I,I,I,D,D,D,I,I,D,I,D,I,I,I,I,I,D,I,I,I,I,D,I,D,I,I,I,I,D,I,D,I,I,I,I,D,I,I,D,D,D,I,I,I,D,I,I,I,I,D,I,D,I,I,I,I,D,I,D,I,I,I,I,I,I,I,D,I,I,I,I,R_3P6kxMvvGBIgI67,control,98,91,25,2.5,2.5,2.5,2.5,0.061271
I,I,I,D,D,D,I,D,D,D,I,I,I,I,I,I,D,I,D,I,I,D,I,D,I,I,I,I,I,D,I,I,I,I,D,I,D,I,I,I,I,D,I,D,I,I,I,I,I,I,I,I,I,D,I,I,I,D,I,I,I,I,I,I,D,I,I,I,I,I,I,I,I,I,I,I,I,I,I,I,I,I,I,I,R_1mmjZRiMUx22gn9,control,91,55,15,2.5,2.5,2.5,2.5,0.0477285
D,D,I,D,D,D,I,D,D,D,I,I,I,I,I,I,D,D,D,I,I,I,I,D,I,I,I,I,I,D,I,I,I,I,I,I,D,I,I,I,I,I,I,D,I,I,I,I,I,I,I,I,I,D,I,I,I,D,I,I,I,I,I,I,I,I,I,I,I,I,I,I,I,I,I,I,I,I,I,I,I,I,I,I,R_2wBpOfk3SPfi9OE,control,85,25,25,2.5,7.5,7.5,2.5,0.0723975
D,D,I,D,D,D,D,D,D,D,D,I,D,D,D,I,D,D,D,D,D,D,D,D,D,I,D,D,I,D,D,D,D,D,D,I,D,D,D,D,D,D,I,D,I,I,I,I,I,I,I,I,I,D,I,I,I,D,I,I,I,I,I,I,D,I,I,I,I,I,I,D,I,I,I,I,I,I,I,I,I,I,I,I,R_3jTUXhnPeZZCFMt,control,94,55,55,55,55,55,2.5,0.420679
I,D,I,D,D,D,D,D,D,D,D,I,D,I,I,I,D,D,D,D,D,D,D,D,D,I,D,I,I,D,D,I,D,D,D,I,D,D,I,D,D,D,I,D,D,I,D,D,D,I,I,D,I,D,D,D,I,D,D,I,D,D,D,I,D,I,I,I,I,D,I,D,I,I,I,I,I,I,I,I,I,I,I,I,R_246Ed48f5ae2UnG,control,94,91,65,85,85,2.5,2.5,0.347702
D,D,D,D,D,D,D,D,D,D,D,D,D,D,I,I,D,D,D,I,D,D,D,D,I,I,D,I,I,D,D,I,D,I,D,I,D,D,I,D,I,D,I,D,I,I,D,I,D,I,I,D,I,D,I,I,I,D,I,I,I,I,D,I,D,I,I,I,I,D,I,D,I,I,I,I,D,I,I,D,I,I,I,I,R_12QQaZiAbibaUCy,control,98,94,65,55,15,15,15,0.2460775
I,I,D,D,D,D,D,D,D,D,I,I,D,I,I,I,D,D,D,I,D,D,D,D,I,I,D,I,I,D,I,I,D,I,D,I,D,D,I,I,I,D,I,D,I,I,I,I,I,I,I,D,I,D,I,I,I,D,I,I,I,I,D,I,D,I,I,I,I,D,I,D,I,I,I,I,I,I,I,I,I,I,I,I,R_zfg4EK7ZU7HCkF3,control,94,55,45,35,2.5,2.5,7.5,0.114814
D,D,D,D,D,D,D,D,D,D,D,D,D,D,D,D,D,D,D,D,D,D,D,D,D,I,D,D,I,D,D,D,D,D,D,I,D,D,I,D,D,D,I,D,D,I,D,D,D,I,I,D,D,D,D,D,I,D,D,I,D,D,D,I,D,D,I,D,I,D,I,D,D,I,D,I,D,D,D,D,I,I,D,I,R_24IuXeomfc0aT2g,control,98,98,98,98,85,45,25,0.586019
D,D,I,D,D,D,D,D,D,D,D,I,D,I,I,I,D,D,D,D,D,D,D,D,D,I,D,I,I,D,D,I,D,D,D,I,D,D,I,D,I,D,I,D,D,I,D,I,D,I,I,D,D,D,I,D,I,D,I,I,D,I,D,I,D,D,I,D,I,D,I,D,D,I,D,I,D,D,D,D,I,I,I,I,R_1o13zkQuqNwQO6O,control,98,98,98,75,45,7.5,2.5,0.289769
D,D,D,D,D,D,D,D,D,D,D,D,D,D,D,D,I,D,D,D,D,D,D,D,D,I,D,D,I,D,D,D,D,D,D,I,D,D,I,D,I,D,I,D,D,I,D,I,D,I,I,D,D,D,I,D,I,D,D,I,I,I,D,I,I,I,I,I,I,D,I,D,I,I,I,I,I,I,I,I,I,I,I,I,R_1LG8LoYeF3V2WBy,control,85,15,75,85,45,45,25,0.4586925
D,D,D,D,D,D,D,D,D,D,D,D,D,D,D,D,D,D,D,D,D,D,D,D,D,I,D,D,I,D,D,D,D,D,D,I,D,D,D,D,I,D,I,D,I,I,I,I,D,I,I,D,I,D,I,I,I,D,I,I,I,I,D,I,D,I,I,I,I,D,I,D,I,I,I,I,D,D,I,D,I,I,I,I,R_2DSQFTppqut3zAk,control,98,98,55,55,45,55,25,0.4674245
D,D,I,D,D,D,D,D,D,D,D,I,D,D,I,I,D,D,D,I,D,D,D,D,I,I,D,I,I,D,D,I,D,I,D,I,D,D,I,D,I,D,I,D,I,I,I,I,D,I,I,D,I,D,I,I,I,D,I,I,I,I,I,I,D,I,I,I,I,I,I,D,I,I,I,I,I,I,I,D,I,I,I,I,R_C2mToSFKWk04g5b,control,98,75,55,55,15,15,2.5,0.205643
D,D,D,D,D,D,D,D,D,D,D,I,D,D,D,I,D,D,D,D,D,D,D,D,D,I,D,D,I,D,D,I,D,D,D,I,D,D,I,D,I,D,I,D,D,I,D,I,D,I,I,D,D,D,I,I,I,D,I,I,D,I,D,I,D,I,I,I,I,D,I,D,I,I,I,I,D,D,I,D,I,I,I,I,R_2DSRgTwFHya3AKb,control,98,98,85,65,45,35,7.5,0.3800195
D,D,D,D,D,D,D,D,D,D,D,I,D,I,I,I,D,D,D,D,D,D,D,D,I,I,I,I,I,D,I,I,D,I,D,I,D,I,I,D,I,D,I,D,D,I,D,I,D,I,I,D,I,D,I,I,I,D,I,I,I,I,D,I,D,I,I,I,I,I,I,D,I,I,I,I,I,I,I,I,I,I,I,I,R_2VkHLNmwKZwrOgj,control,94,85,65,25,25,7.5,7.5,0.181259
I,I,I,D,D,D,I,D,D,D,I,I,D,I,I,I,D,I,D,I,I,D,I,D,I,I,I,I,I,D,I,I,I,I,I,I,D,I,I,I,I,I,I,D,I,I,I,I,D,I,I,D,I,D,I,I,I,D,I,I,I,I,I,I,D,I,I,I,I,D,I,D,I,I,I,I,I,I,I,I,I,I,I,I,R_3F2RMtEarB75joC,control,94,35,15,2.5,2.5,2.5,2.5,0.043034
D,D,I,D,D,D,D,D,D,D,I,I,I,I,I,I,D,D,D,I,D,D,D,D,I,I,D,I,I,D,I,I,D,I,D,I,D,I,I,I,I,I,I,D,I,I,I,I,D,I,I,D,I,D,I,I,I,I,I,I,I,I,D,I,D,I,I,I,I,I,I,D,I,I,I,I,I,I,I,I,I,I,I,I,R_31SM1j7OmFVXZcW,control,75,45,45,7.5,7.5,7.5,2.5,0.0923025
I,I,I,D,D,D,D,D,D,D,I,I,D,I,I,I,D,D,D,I,D,D,D,D,I,I,D,I,I,D,D,I,D,I,D,I,D,D,I,D,I,D,I,D,D,I,D,I,D,I,I,D,D,D,I,D,I,D,D,I,D,I,D,I,D,D,I,D,I,D,I,I,I,I,I,I,D,D,I,I,I,I,I,I,R_sYZ4d5RgvI6o4H7,control,91,98,91,91,2.5,2.5,2.5,0.203769
I,I,I,I,I,I,I,I,I,I,I,I,I,I,I,I,I,I,I,I,I,I,I,I,I,I,I,I,I,I,I,I,I,I,I,I,I,I,I,I,I,I,I,I,I,I,I,I,I,I,I,I,I,I,I,I,I,I,I,I,I,I,I,I,I,I,I,I,I,I,I,I,I,I,I,I,I,I,I,I,I,I,I,I,R_1dEKzVUB3OuMlFW,control,2.5,2.5,2.5,2.5,2.5,2.5,2.5,0.02592625
D,D,D,D,D,D,D,D,D,D,D,I,D,D,I,I,D,D,D,I,D,D,D,D,D,I,D,I,I,D,D,I,D,I,D,I,D,I,I,D,I,D,I,D,I,I,I,I,D,I,I,D,I,D,I,I,I,D,I,I,I,I,D,I,D,I,I,I,I,I,I,D,I,I,I,I,I,I,I,I,I,I,I,I,R_1HkvZLCwkbWlXng,control,94,85,55,45,15,15,7.5,0.207894
D,D,I,D,D,D,D,D,D,D,D,I,D,I,I,I,D,D,D,D,D,D,D,D,D,I,D,I,I,D,D,I,D,I,D,I,D,D,I,D,I,D,I,D,D,I,D,I,D,I,I,D,D,D,I,I,I,D,I,I,D,I,D,I,D,I,I,I,I,D,I,D,I,I,I,I,I,I,I,I,I,I,I,I,R_1jTaJOazjKZBOkZ,control,94,91,85,65,35,7.5,2.5,0.249432
I,I,I,D,D,D,I,D,D,D,I,I,I,I,I,I,D,I,D,I,I,D,D,D,I,I,D,I,I,D,I,I,I,I,D,I,D,I,I,I,I,D,I,D,D,I,D,I,D,I,I,D,D,D,I,D,I,D,I,I,I,I,D,I,D,I,I,I,I,D,I,D,I,I,I,I,D,D,I,D,I,I,I,I,R_23gzH3PS7qMXmgB,control,98,98,15,2.5,2.5,2.5,2.5,0.0583395
D,D,D,D,D,D,D,D,D,D,D,D,D,D,D,I,D,D,D,D,D,D,D,D,I,I,D,I,I,D,D,I,D,I,D,I,D,D,I,D,I,D,I,D,D,I,D,I,D,I,I,D,D,D,I,D,I,D,I,I,D,I,D,I,D,I,I,I,I,I,I,D,I,I,I,I,I,I,I,D,I,I,I,I,R_125AJDVwK40olQY,control,98,85,85,75,25,25,15,0.333143
I,I,I,I,D,D,I,D,D,D,I,I,I,I,I,I,D,D,D,I,I,D,D,D,I,I,I,I,I,D,I,I,I,I,D,I,D,I,I,I,I,D,I,D,I,I,I,I,D,I,I,D,I,D,I,I,I,D,I,I,I,I,D,I,D,I,I,I,I,D,I,D,I,I,I,I,D,I,I,D,I,I,I,I,R_2SuxtIBHsPjz0Xo,control,98,2.5,35,2.5,2.5,2.5,2.5,0.04460175
D,D,I,D,D,D,D,D,D,D,D,I,D,I,I,I,D,D,D,I,D,D,D,D,I,I,D,I,I,D,D,I,D,I,D,I,D,D,I,D,I,D,I,D,I,I,D,I,D,I,I,D,D,D,I,I,I,D,I,I,I,I,D,I,D,I,I,I,I,I,I,D,I,I,I,I,I,D,I,D,I,I,I,I,R_07Z7dtLzUXGXhhn,control,98,85,75,55,15,7.5,2.5,0.191028
D,D,D,D,D,D,D,D,D,D,D,D,D,D,D,I,D,D,D,I,D,D,D,D,I,I,I,I,I,D,D,I,D,I,D,I,D,I,I,D,I,D,I,D,I,I,D,I,D,I,I,D,D,D,I,I,I,D,I,I,D,I,D,I,D,I,I,I,I,D,I,I,I,I,I,I,D,I,I,D,I,I,I,I,R_24OhAk6EU6hNP2e,control,91,94,85,25,15,25,15,0.252538
D,D,D,D,D,D,D,D,D,D,D,D,D,D,I,I,D,D,D,I,D,D,D,D,D,I,D,I,I,D,D,I,D,D,D,I,D,I,I,D,I,D,I,D,D,I,D,I,D,I,I,D,I,D,I,I,I,D,I,I,D,D,D,I,D,I,I,I,I,D,I,D,I,I,I,I,D,D,I,I,I,I,I,I,R_1kNfh5z9oOR88mw,control,94,98,65,45,15,15,15,0.2343855
I,I,I,D,D,D,D,D,D,D,I,I,I,I,I,I,D,D,D,I,D,D,D,D,I,I,I,I,I,D,I,I,I,I,D,I,D,I,I,I,I,D,I,D,I,I,I,I,D,I,I,D,I,D,I,I,I,D,I,I,I,I,D,I,D,I,I,I,I,I,I,D,I,I,I,I,I,I,I,D,I,I,I,I,R_1Nzjv56URkezpJq,control,98,85,35,7.5,2.5,2.5,2.5,0.070693
D,D,D,D,D,D,D,D,D,D,D,D,D,D,D,D,D,D,D,D,D,D,D,D,D,I,D,D,I,D,D,I,D,D,D,I,D,D,I,D,I,D,I,D,D,I,D,I,D,I,I,D,D,D,I,I,I,D,I,I,I,I,D,I,D,I,I,D,I,D,I,D,I,I,I,I,D,I,I,D,I,I,I,I,R_33ElrAyQQKPYqDU,control,98,94,75,65,45,35,25,0.4181925
D,D,D,D,D,D,D,D,D,D,I,I,D,D,D,I,D,D,D,D,D,D,D,D,D,D,D,D,I,D,D,D,D,D,D,I,D,D,D,D,D,D,I,D,D,I,D,I,D,I,I,D,I,D,I,I,I,D,I,I,I,I,D,I,D,D,I,I,I,D,I,D,I,I,I,I,D,D,I,D,I,I,I,I,R_1F34hNFdysTZK3f,control,98,98,65,65,7.5,55,7.5,0.3657895
D,D,D,D,D,D,D,D,D,D,D,D,D,D,I,I,D,D,D,I,I,D,I,D,I,I,I,I,I,D,I,I,I,I,I,I,D,I,I,I,I,I,I,D,I,I,I,I,I,I,I,I,I,D,I,I,I,D,I,I,I,I,I,I,I,I,I,I,I,I,I,I,I,I,I,I,I,I,I,I,I,I,I,I,R_puc2msMc6ogHoo9,control,85,35,25,15,15,15,15,0.1629275
D,D,D,D,D,D,D,D,D,D,D,D,D,D,D,D,D,D,D,D,D,D,D,D,D,I,D,I,I,D,D,I,D,I,D,I,D,D,I,D,I,D,I,D,D,I,D,I,D,I,I,D,D,D,I,D,I,D,D,I,D,I,D,I,D,D,I,D,I,D,I,D,D,I,D,I,D,D,D,D,I,I,I,I,R_2XniJlyFEawfkb9,control,98,98,98,94,35,25,25,0.411019
D,D,D,D,D,D,D,D,D,D,I,I,D,I,I,I,D,D,D,I,I,D,I,D,I,I,I,I,I,D,I,I,I,I,D,I,D,I,I,I,I,D,I,D,I,I,I,I,D,I,I,D,I,D,I,I,I,D,I,I,I,I,D,I,D,I,I,I,I,D,I,D,I,I,I,I,I,I,I,D,I,I,I,I,R_2X071JL8g96pdKR,control,98,91,25,15,7.5,7.5,7.5,0.116896
D,D,D,D,D,D,D,D,D,D,D,D,D,D,D,D,D,D,D,D,D,D,D,D,D,D,D,D,I,D,D,I,D,I,D,I,D,D,I,D,I,D,I,D,D,I,D,I,D,I,I,D,D,D,I,I,I,D,I,I,I,I,D,I,D,I,I,I,I,D,I,D,I,I,I,I,D,I,I,D,I,I,I,I,R_27d8hctgU4Mjzvw,control,98,94,75,65,35,35,35,0.4231925
I,I,I,D,D,D,I,D,D,D,I,I,I,I,I,I,D,D,D,I,I,D,I,D,I,I,I,I,I,D,I,I,I,I,I,I,D,I,I,I,I,I,I,D,I,I,I,I,D,I,I,D,I,D,I,I,I,D,I,I,I,I,D,I,D,I,I,I,D,I,I,I,I,I,I,I,I,I,I,I,I,I,I,I,R_22kNDkseKYUqEx2,control,91,35,25,2.5,2.5,2.5,2.5,0.0475335
D,D,D,D,D,D,D,D,D,D,D,D,D,D,D,D,D,D,D,D,D,D,D,D,D,D,D,D,D,D,D,D,D,D,D,D,D,D,D,D,D,D,D,D,D,D,D,D,D,D,D,D,D,D,D,D,D,D,I,D,D,D,D,D,D,D,D,D,D,D,D,D,D,D,D,D,D,D,D,D,D,D,D,D,R_3EsTFWxTxL2EO2G,control,98,98,98,75,98,98,98,0.951269
I,I,I,D,I,D,D,I,I,D,I,I,I,I,I,I,D,I,D,I,I,D,I,D,I,I,I,I,I,D,I,I,I,I,D,I,D,I,I,I,I,D,I,D,I,I,I,I,D,I,I,D,I,D,I,I,I,I,I,I,I,I,D,I,D,I,I,I,I,D,I,D,I,I,I,I,I,I,I,D,I,I,I,I,R_2pPoROkDdu63dQi,control,75,7.5,2.5,7.5,2.5,2.5,2.5,0.03617
D,D,D,D,D,D,D,D,D,D,D,I,D,D,D,I,D,D,D,D,D,D,D,D,D,I,D,I,I,D,D,I,D,D,D,I,D,I,I,D,I,D,I,D,D,I,I,I,D,I,I,D,I,D,I,I,I,D,I,I,I,I,D,I,D,I,I,I,I,D,I,D,I,I,I,I,D,I,I,D,I,I,I,I,R_3fio32Wj57lynAj,control,98,94,55,45,45,25,7.5,0.3052125
I,I,I,D,D,D,I,D,D,D,I,I,I,I,I,I,D,D,D,I,I,D,I,D,I,I,I,I,I,D,I,I,I,I,D,I,D,I,I,I,I,D,I,D,I,I,I,I,I,I,I,I,I,D,I,I,I,I,I,I,I,I,I,I,I,I,I,I,I,I,I,D,I,I,I,I,I,I,I,I,I,I,I,I,R_PXoOcKu0JqGkxwt,control,75,55,25,2.5,2.5,2.5,2.5,0.0517275
D,D,D,D,D,D,D,D,D,D,D,D,D,D,D,D,D,D,D,D,D,D,D,D,D,D,D,D,D,D,D,D,D,D,D,I,D,D,I,D,D,D,I,D,D,I,D,D,D,I,I,D,D,D,I,D,I,D,D,I,D,I,D,I,D,I,I,I,I,D,I,D,I,I,I,I,D,I,I,D,I,I,I,I,R_1LYSKgq3Dsc4Cub,control,98,94,85,85,65,45,45,0.5728075
I,I,I,D,I,D,I,D,D,D,I,I,I,I,I,I,D,I,D,I,I,D,D,D,I,I,I,I,I,D,I,I,I,I,D,I,D,I,I,I,I,D,I,D,I,I,I,I,I,I,I,I,I,D,I,I,I,I,I,I,I,I,I,I,I,I,I,I,I,I,I,I,I,I,I,I,I,I,I,I,I,I,I,I,R_1hYZpT6shmLFAON,control,75,55,2.5,2.5,2.5,2.5,2.5,0.04134375
I,I,I,D,I,D,I,D,I,D,I,I,I,I,I,I,D,I,D,I,I,I,I,D,I,I,I,I,I,D,I,I,I,I,I,I,I,I,I,I,I,I,I,D,I,I,I,I,I,I,I,I,I,D,I,I,I,D,I,I,I,I,I,I,I,I,I,I,I,I,I,I,I,I,I,I,I,I,I,I,I,I,I,I,R_2TWZKdbSfKHSuiV,control,45,25,2.5,2.5,2.5,2.5,2.5,0.03297375
D,D,I,D,D,D,D,D,D,D,D,I,D,D,I,I,D,D,D,I,D,D,I,D,I,I,I,I,I,D,I,I,D,I,D,I,D,I,I,I,I,D,I,D,I,I,I,I,D,I,I,D,I,D,I,I,I,D,I,I,I,I,I,I,D,I,I,I,I,I,I,D,I,I,I,I,I,I,I,I,I,I,I,I,R_3hzShyqDbF6reEP,control,94,75,25,25,15,15,2.5,0.154144
I,I,I,D,D,D,I,D,D,D,D,I,I,I,I,I,D,D,D,I,I,D,D,D,I,I,I,I,I,D,I,I,I,I,D,I,D,I,I,I,I,D,I,D,I,I,I,I,D,I,I,I,I,D,I,I,I,D,I,I,I,I,D,I,D,I,I,I,I,D,I,D,I,I,D,I,I,D,D,D,I,I,I,I,R_3EA3imTNqvprtbM,control,98,65,35,2.5,2.5,2.5,2.5,0.059633
D,D,D,D,D,D,D,D,D,D,D,I,D,D,I,I,D,D,D,D,D,D,D,D,I,I,D,I,I,D,D,I,D,I,D,I,D,D,I,D,I,D,I,D,D,I,D,I,D,I,I,D,D,D,I,D,I,D,I,I,D,I,D,I,D,I,I,I,I,D,I,D,I,I,I,I,D,D,I,D,I,I,I,I,R_821X9UgsA6YKJBD,control,98,98,85,75,25,15,7.5,0.2825195
D,D,D,D,D,D,D,D,D,D,D,D,D,D,I,I,D,I,D,I,D,D,I,D,I,I,I,I,I,D,I,I,D,I,D,I,D,I,I,I,I,D,I,D,I,I,I,I,D,I,I,D,I,D,I,I,I,D,I,I,I,I,D,I,D,I,I,I,I,D,I,D,I,I,I,I,D,I,I,D,I,I,I,I,R_2ykALHb6m2o519X,control,98,94,15,25,15,15,15,0.1855025
D,D,D,D,D,D,D,D,D,D,D,D,D,D,D,D,D,D,D,D,D,D,D,D,I,I,D,I,I,D,D,I,D,I,D,I,D,D,I,D,I,D,I,D,I,I,D,I,D,I,I,D,D,D,I,I,I,D,I,I,I,I,D,I,I,I,I,I,I,D,I,D,I,I,I,I,D,I,I,I,I,I,I,I,R_31RuUrgRlSehZz5,control,85,94,75,55,25,25,25,0.330192
D,D,D,D,D,D,D,D,D,D,D,D,D,D,D,I,I,D,D,I,I,D,I,D,I,I,D,I,I,D,I,I,I,I,D,I,D,I,I,I,I,D,I,D,I,I,I,I,D,I,I,D,I,D,I,I,I,D,I,I,I,I,D,I,D,I,I,I,I,I,I,D,I,I,I,I,I,I,I,I,I,I,I,I,R_2VEWixL7BoC8ATX,control,94,15,25,15,15,25,15,0.193464
I,I,I,D,I,D,I,D,I,D,I,I,I,I,I,I,D,I,D,I,I,I,I,D,I,I,I,I,I,D,I,I,I,I,I,I,D,I,I,I,I,I,I,D,I,I,I,I,I,I,I,D,I,D,I,I,I,D,I,I,I,I,I,I,I,I,I,I,I,I,I,I,I,I,I,I,I,I,I,I,I,I,I,I,R_yOsEjQ38lDaG1Md,control,85,25,2.5,2.5,2.5,2.5,2.5,0.03451375
D,D,D,D,D,D,D,D,D,D,D,D,D,D,D,D,D,D,D,D,D,D,D,D,D,D,D,D,D,D,D,D,D,D,D,D,D,D,D,D,D,D,I,D,I,I,D,I,D,I,I,D,I,D,I,I,I,D,I,I,I,I,D,I,I,I,I,I,I,I,I,I,I,I,I,I,D,I,I,I,I,I,I,I,R_AMXf561Sp6XKKRj,control,85,85,65,55,55,55,55,0.5634125
I,I,D,D,D,D,D,D,D,D,I,I,D,I,I,I,D,D,D,I,I,D,D,D,I,I,D,I,I,D,I,I,I,I,D,I,D,I,I,I,I,D,I,D,I,I,I,I,I,I,I,I,D,I,I,I,I,I,I,I,I,I,D,I,I,I,I,I,I,I,I,I,I,I,I,I,D,D,I,I,I,I,I,I,R_3dT7C5XqeX3ZFAE,control,65,55,35,15,2.5,2.5,7.5,0.0840825
D,D,D,D,D,D,D,D,D,D,D,D,D,D,D,D,D,I,D,D,D,D,I,D,I,I,I,I,I,D,D,I,I,I,D,I,D,D,I,I,I,D,I,D,I,I,I,D,I,D,I,D,I,D,I,D,I,D,I,I,I,I,I,I,D,I,I,I,I,I,I,D,I,I,I,I,I,I,I,I,I,I,I,I,R_1eIDnNESXv05Slt,control,94,55,15,25,25,25,25,0.255969
D,D,D,D,D,D,D,D,D,D,D,D,D,D,D,D,D,D,D,D,D,D,D,D,I,I,D,I,I,D,D,I,D,I,D,I,D,I,I,D,I,D,I,D,D,I,D,I,D,I,I,D,I,D,I,I,I,D,I,I,I,I,D,I,D,I,I,I,I,D,I,D,I,I,I,I,I,I,I,D,I,I,I,I,R_2VEL8akmmcGWqVV,control,98,91,65,45,25,25,25,0.312856
I,I,I,D,I,D,I,D,I,D,I,I,I,I,I,I,D,I,D,I,I,D,I,D,I,I,I,I,I,D,I,I,I,I,D,I,D,I,I,I,I,I,I,D,I,I,I,I,I,I,I,I,I,D,I,I,I,D,I,I,I,I,I,I,D,I,I,I,I,I,I,D,I,I,I,I,I,I,I,I,I,I,I,I,R_vHx2QMT0AfS3ze9,control,94,45,2.5,2.5,2.5,2.5,2.5,0.03967025
I,I,I,D,D,D,I,D,D,D,I,I,I,I,I,I,D,D,D,I,I,D,D,D,I,I,I,I,I,D,I,I,D,I,D,I,D,I,I,I,I,D,I,D,I,I,I,I,D,I,I,D,I,D,I,I,I,D,I,I,I,I,D,I,D,I,I,I,I,D,I,D,I,I,I,I,D,D,I,D,I,I,I,I,R_2uQi8fwA3c3dPNG,control,98,98,45,2.5,2.5,2.5,2.5,0.0721845
D,I,I,D,D,D,D,D,D,D,I,I,D,I,I,I,D,D,D,I,D,D,I,D,I,I,I,I,I,D,I,I,D,I,D,I,D,I,I,I,I,D,I,D,I,I,D,I,D,I,I,D,I,D,I,I,I,D,I,I,I,I,D,I,D,I,I,I,I,I,I,D,I,I,I,I,I,I,I,D,I,I,I,I,R_3Rl6yp32E69hAUG,control,98,85,25,25,2.5,7.5,2.5,0.105453
D,D,D,D,D,D,D,D,D,D,I,I,D,I,I,I,D,D,D,I,D,D,D,D,I,I,I,I,I,D,I,I,I,I,D,I,D,I,I,I,I,D,I,D,I,I,I,I,D,I,I,D,I,D,I,I,I,D,I,I,I,I,D,I,D,I,I,I,I,I,I,D,I,I,I,I,I,I,I,I,I,I,I,I,R_31mwRbIIdEZvFvG,control,94,85,35,25,7.5,7.5,7.5,0.132414
I,I,I,D,I,D,I,I,I,D,I,I,I,I,I,I,I,I,D,I,I,D,I,D,I,I,I,I,I,D,I,I,I,I,I,I,D,I,I,I,I,I,I,D,I,I,I,I,I,I,I,I,I,I,I,I,I,I,I,I,I,I,I,I,I,I,I,I,I,I,I,I,I,I,I,I,I,I,I,I,I,I,I,I,R_1Q3IrBuHJYeP9Zf,control,65,7.5,2.5,2.5,2.5,2.5,2.5,0.029535
I,I,I,D,D,D,D,D,D,D,I,I,D,I,I,I,D,D,D,I,D,D,D,D,I,I,I,I,I,D,I,I,D,I,D,I,D,I,I,I,I,D,I,D,I,I,I,I,I,I,I,I,I,D,I,I,I,D,I,I,I,I,D,I,D,I,I,I,I,D,I,I,I,I,I,I,I,I,I,I,I,I,I,I,R_3pb8wM8KsEFWNto,control,91,55,45,25,2.5,2.5,2.5,0.0896985
D,D,D,D,D,D,D,D,D,D,D,I,D,D,I,I,D,D,D,I,I,D,D,D,I,I,D,I,I,D,D,I,D,I,D,I,D,I,I,I,I,D,I,D,I,I,I,I,D,I,I,D,I,D,I,I,I,D,I,I,I,I,I,I,I,I,I,I,I,I,I,D,I,I,I,I,I,I,I,I,I,I,I,I,R_1rrKPh61IUQOtT7,control,85,75,45,15,15,15,7.5,0.1630275
D,D,D,D,D,D,D,D,D,D,D,D,D,D,D,D,D,D,D,D,D,D,I,D,I,I,I,I,I,D,I,I,I,I,D,I,D,I,I,I,I,D,I,D,I,I,I,I,D,I,I,D,I,D,I,I,I,D,I,I,I,I,I,I,I,I,I,I,I,I,I,I,I,I,I,I,I,I,I,I,I,I,I,I,R_1jdjxDhBilMLYl7,control,85,75,25,25,25,25,25,0.2650475
D,D,D,D,D,D,D,D,D,D,D,I,D,D,I,I,D,D,D,D,D,D,I,D,I,I,I,I,I,D,D,I,D,I,D,I,D,I,I,I,I,D,I,D,I,I,I,I,D,I,I,D,I,D,I,I,I,D,I,I,I,I,I,I,D,I,I,I,I,D,I,D,I,I,I,I,D,D,I,D,I,I,I,I,R_1jPN7YtO7UqX8XY,control,98,75,25,25,25,15,7.5,0.186798
D,D,D,D,D,D,D,D,D,D,D,D,D,D,D,D,D,D,D,D,D,D,D,D,I,I,D,I,I,D,D,I,D,I,I,I,D,I,I,I,I,D,I,D,I,I,I,I,I,I,I,D,I,D,I,I,I,D,I,I,I,I,D,I,D,I,I,I,I,I,I,D,I,I,I,I,I,I,I,I,I,I,I,I,R_8i8j70LvRrJYdVf,control,94,35,45,45,25,25,25,0.290004
D,D,I,D,D,D,D,D,D,D,D,I,D,D,D,I,D,I,D,D,D,D,D,D,I,I,I,I,I,D,D,I,D,I,D,I,D,I,I,D,I,I,I,D,I,I,I,I,D,I,I,D,I,D,I,I,I,D,I,I,I,I,D,I,D,I,I,I,I,I,I,D,I,I,I,I,I,I,I,D,I,I,I,I,R_3m29xP7PI9l14sy,control,98,45,15,25,25,25,2.5,0.197468
D,D,D,D,D,D,D,D,D,D,D,D,D,D,D,D,D,D,D,D,D,D,D,D,D,I,D,D,I,D,D,D,D,D,D,I,D,D,I,D,D,D,I,D,D,I,D,D,D,D,I,D,D,D,D,D,I,D,D,I,D,D,D,I,D,D,I,D,D,D,I,D,D,I,D,I,D,D,D,D,D,I,D,I,R_10wqwZK8JQtitXd,control,98,98,98,98,91,45,25,0.598019
D,D,D,D,D,D,D,D,D,D,D,D,D,D,D,D,D,D,D,D,D,D,D,D,D,D,D,D,D,D,D,D,D,D,D,D,D,D,D,D,D,D,I,D,D,D,D,D,D,D,D,D,D,D,D,D,I,D,D,D,D,D,D,I,D,I,I,D,I,D,I,D,D,I,I,I,D,D,I,I,I,I,I,I,R_2Ui1K4S4tB0t77R,control,94,98,91,85,85,85,55,0.7813845
I,I,I,I,D,D,D,D,D,D,I,I,I,I,I,I,D,D,D,I,D,D,D,D,I,I,I,I,I,D,I,I,I,I,D,I,D,I,I,I,I,D,I,D,I,I,I,I,D,I,I,D,I,D,I,I,I,D,I,I,I,I,D,I,I,I,I,I,I,I,I,I,I,I,I,I,I,I,I,I,I,I,I,I,R_DOUMmKU6poA92xz,control,85,2.5,35,7.5,2.5,2.5,2.5,0.05035125
D,D,D,D,D,D,D,D,D,D,D,D,D,D,D,D,D,D,D,D,D,D,D,D,D,D,D,D,D,D,D,D,D,D,D,D,D,D,D,D,D,D,I,D,I,I,D,I,D,I,I,D,D,D,I,I,I,D,I,I,I,I,D,I,D,I,I,I,I,D,I,D,I,I,I,I,D,D,I,D,I,I,I,I,R_1Fyc0Q84I8VrHrM,control,98,98,75,55,55,55,55,0.5716545
I,I,I,D,D,D,I,D,I,D,I,I,I,I,I,I,D,I,D,I,I,I,I,D,I,I,I,I,I,D,I,I,I,I,D,I,D,I,I,I,I,I,I,D,I,I,I,I,I,I,I,I,I,D,I,I,I,I,I,I,I,I,I,I,D,I,I,I,I,I,I,D,I,I,I,I,D,I,I,I,I,I,I,I,R_1gIrpboKL89PTiK,control,75,25,7.5,2.5,2.5,2.5,2.5,0.03643625
D,D,I,D,D,D,D,D,D,D,D,I,D,D,D,I,D,D,D,D,D,D,D,D,D,I,D,I,I,D,D,I,D,D,D,I,D,D,I,D,D,D,I,D,D,D,D,D,D,D,I,D,D,D,D,D,I,D,D,I,D,I,D,I,D,D,I,D,I,D,I,D,D,I,D,I,D,D,D,D,I,I,D,I,R_1FQXiA9kRZT3elX,control,98,98,98,98,75,25,2.5,0.439769
D,D,D,D,D,D,D,D,D,D,D,D,D,D,D,D,D,D,D,D,D,D,D,D,D,D,D,D,D,D,D,D,D,D,D,I,D,D,D,D,D,D,I,D,D,D,D,D,D,I,I,D,D,D,D,D,I,D,D,I,D,I,D,I,D,D,I,D,I,D,I,D,D,I,D,I,D,D,I,D,I,I,I,I,R_2fwyhSOm2W9F22q,control,98,98,94,94,75,65,45,0.679173
I,I,I,I,I,D,I,I,I,D,I,I,I,I,I,I,I,I,D,I,I,I,I,D,I,I,I,I,I,I,I,I,I,I,I,I,I,I,I,I,I,I,I,I,I,I,I,I,I,I,I,I,I,I,I,I,I,I,I,I,I,I,I,I,I,I,I,I,I,I,I,I,I,I,I,I,I,I,I,I,I,I,I,I,R_2CNtkaRhtYgom3F,control,35,2.5,2.5,2.5,2.5,2.5,2.5,0.0271775
D,D,D,D,D,D,D,D,D,D,D,D,D,D,D,D,D,D,D,D,D,D,D,D,D,I,D,D,I,D,D,D,D,D,D,I,D,D,I,D,I,D,I,D,D,D,D,D,D,I,I,D,D,D,D,D,I,D,D,I,D,D,D,I,D,I,I,I,I,D,I,D,I,I,I,I,D,D,I,D,I,I,I,I,R_2tLMZe9Sxy6V081,control,98,98,85,85,45,45,25,0.4837695
I,I,I,D,D,D,I,D,I,D,I,I,I,I,I,D,D,I,D,I,I,D,I,D,I,I,I,I,I,D,I,I,D,I,D,I,D,I,I,I,I,D,I,D,I,I,I,I,D,I,I,D,I,D,I,I,I,D,I,I,I,I,I,I,D,I,I,I,I,I,I,D,I,I,I,I,I,I,I,D,I,I,I,I,R_2uvPvwFA0ILVOVi,control,98,75,7.5,2.5,2.5,2.5,2.5,0.04934675
D,D,D,D,D,D,D,D,D,D,D,D,D,D,I,I,D,I,D,I,D,I,D,D,I,I,D,I,I,D,I,I,I,I,D,I,D,I,I,I,I,D,I,D,D,I,D,I,D,I,I,D,I,D,I,D,I,D,I,I,I,I,D,I,I,I,I,I,I,D,I,I,I,I,I,I,D,I,I,I,I,I,I,I,R_1OUFP1HaiTpi5Ss,control,85,25,15,35,15,15,15,0.1809075
I,I,I,D,D,D,D,D,D,D,I,I,D,I,I,I,D,D,D,I,D,D,D,D,I,I,D,I,I,D,D,I,D,I,D,I,D,D,I,D,I,D,I,D,I,I,I,I,D,I,I,D,I,D,I,I,I,D,I,I,I,I,D,I,D,I,I,I,I,D,I,D,I,I,I,I,D,I,I,D,I,I,I,I,R_1Cymujz3J9BdlYt,control,98,94,55,55,2.5,2.5,2.5,0.1414625
I,I,I,D,D,D,D,D,D,D,D,I,D,I,I,I,D,D,D,I,I,D,D,D,I,I,D,I,I,D,I,I,D,I,D,I,D,I,I,I,I,D,I,D,I,I,I,I,D,I,I,D,D,D,I,D,I,D,I,I,D,I,D,I,D,I,I,I,I,D,I,D,I,I,I,I,D,D,I,D,I,I,I,I,R_12Dscs7zfWWJkgh,control,98,98,45,15,2.5,2.5,2.5,0.0878095
D,D,D,D,D,D,D,D,D,D,I,I,D,D,D,D,D,D,D,D,D,D,D,D,I,I,I,I,I,D,I,I,D,I,D,I,D,I,I,D,I,D,I,D,I,I,I,I,D,I,I,D,I,D,I,I,I,D,I,I,I,I,D,I,D,I,I,I,I,I,I,D,I,I,I,I,I,I,I,I,I,I,I,I,R_31tHhvOAe8tq2FA,control,94,85,55,25,7.5,25,7.5,0.202894
D,I,I,D,D,D,D,D,D,D,I,I,D,I,I,I,D,I,D,I,I,D,I,D,I,I,I,I,I,D,I,I,I,I,I,I,I,I,I,I,I,I,I,D,I,I,I,I,I,I,I,I,I,D,I,I,I,D,I,I,I,I,I,I,D,I,I,I,I,I,I,D,I,I,I,I,I,I,I,I,I,I,I,I,R_2QQFSSm4NeIL8O1,control,45,35,15,15,2.5,7.5,2.5,0.0742725
D,D,D,D,D,D,D,D,D,D,D,D,D,D,D,D,D,D,D,D,D,D,D,D,D,I,D,D,I,D,D,D,D,D,D,I,D,D,D,D,D,D,I,D,D,I,D,D,D,I,I,D,D,D,I,I,I,D,I,I,D,I,D,I,D,I,I,D,I,D,I,D,I,I,I,I,D,D,I,D,I,I,I,I,R_3KDv0O3oAjwO2Lf,control,98,98,91,65,65,55,25,0.5365385
D,D,D,D,D,D,D,D,D,D,D,D,D,D,D,I,D,D,D,D,D,D,D,D,D,I,D,I,I,D,D,I,D,I,D,I,D,D,I,D,I,D,I,D,D,I,D,I,D,I,I,D,D,D,I,I,I,D,I,I,I,I,D,I,D,I,I,I,I,D,I,D,I,I,I,I,D,D,I,D,I,I,I,I,R_rlnMEWJd9FaCv3r,control,98,98,75,65,35,25,15,0.3391545
D,D,D,D,D,D,D,D,D,D,D,D,D,D,D,D,D,D,D,D,D,D,D,D,D,D,D,D,D,D,D,D,D,D,D,D,D,D,D,D,D,D,D,D,D,D,D,D,D,D,D,D,D,D,D,D,D,D,D,D,D,D,D,I,D,I,I,I,I,I,I,I,I,I,I,I,I,I,I,I,I,I,I,I,R_3g1lR84IP2d6DgU,control,91,85,85,85,85,85,85,0.8503735
D,D,D,D,D,D,D,D,D,D,I,I,I,I,I,I,D,D,D,I,I,I,I,D,I,I,I,I,I,I,I,I,I,I,I,I,I,I,I,I,I,I,I,I,I,I,I,I,I,I,I,I,I,I,I,I,I,I,I,I,I,I,I,I,I,I,I,I,I,I,I,I,I,I,I,I,I,I,I,I,I,I,I,I,R_9AkscN6x9P2wZAR,control,35,25,25,7.5,7.5,7.5,7.5,0.0892225
D,D,I,D,D,D,D,D,D,D,D,I,D,D,I,I,D,D,D,I,I,D,D,D,D,I,I,I,I,D,I,I,D,I,D,I,D,I,I,I,I,D,I,D,I,I,I,I,D,I,I,D,I,D,I,I,I,D,I,I,I,I,D,I,D,I,I,I,I,I,I,D,I,I,I,I,I,I,I,I,I,I,I,I,R_VIi25gPYvnJ9enL,control,94,85,45,15,15,15,2.5,0.153279
I,I,I,D,D,D,D,D,D,D,I,I,I,I,I,I,D,I,D,I,I,D,D,D,D,I,D,I,I,D,D,I,D,I,D,I,D,D,I,D,I,D,I,D,I,I,D,I,D,I,I,D,I,D,I,I,I,D,I,I,I,I,D,I,D,I,I,I,I,D,I,D,I,I,I,I,D,D,I,I,I,I,I,I,R_2PzJmEmhAX8ETBl,control,94,98,15,7.5,2.5,2.5,2.5,0.0644355
D,D,D,D,D,D,D,D,D,D,D,D,D,D,D,I,D,D,D,D,D,D,D,D,I,I,I,I,I,D,I,I,I,I,D,I,D,I,I,I,I,D,I,D,I,I,I,I,D,I,I,D,I,D,I,I,I,D,I,I,I,I,I,I,D,I,I,I,I,I,I,D,I,I,I,I,I,I,I,I,I,I,I,I,R_p3MmG6pTk8Ovn5D,control,94,75,35,25,25,25,15,0.245009
D,D,I,D,D,D,D,D,D,D,D,I,D,D,I,I,D,D,D,I,D,D,D,D,I,I,D,I,I,D,D,I,D,I,D,I,D,D,I,D,I,D,I,D,I,I,D,I,D,I,I,D,I,D,I,I,I,D,I,I,I,I,D,I,D,I,I,I,I,D,I,D,I,I,I,I,D,I,I,D,I,I,I,I,R_bjzEdNnxZxQpWKZ,control,98,94,65,55,15,15,2.5,0.2148275
D,D,D,D,D,D,D,D,D,D,D,D,D,D,D,I,D,D,D,D,D,D,D,D,D,I,D,D,I,D,D,D,D,D,D,I,D,D,D,D,D,D,I,D,D,I,D,D,D,I,I,D,D,D,I,D,I,D,D,I,D,D,D,I,D,D,D,D,D,D,I,D,D,D,D,D,D,D,I,I,I,D,I,I,R_vH4M77T9Jinf6o1,control,94,98,94,94,65,55,15,0.549019
D,D,I,D,D,D,D,D,D,D,D,I,D,I,I,I,D,D,D,D,D,D,D,D,D,I,D,I,I,D,D,I,D,I,D,I,D,I,I,I,I,I,I,I,I,I,I,I,D,I,I,D,I,D,I,I,I,D,I,I,I,I,I,I,I,I,I,I,I,I,I,I,I,I,I,I,I,I,I,I,I,I,I,I,R_2DYbC8s1s4ESLDw,control,55,45,45,45,35,7.5,2.5,0.1934075
